"","cust.id","age","credit.score","email","distance.to.store","online.visit","online.trans","online.spend","store.trans","store.spend"
"1","1",30.1008618272202,579.444332887786,"yes",23.2640404054483,369,119,2674.45103050241,1,53.4390180895707
"2","2",31.0737856733595,764.736919657175,"yes",13.4307679599168,3,1,20.5177397393578,0,0
"3","3",27.6247149362425,730.271319674812,"yes",13.7958880349234,0,0,0,0,0
"4","4",32.7732028784603,847.204894170038,"no",17.7949988781628,2,0,0,0,0
"5","5",33.6657871972542,678.125662325257,"yes",7.20577563393515,29,9,183.022527893719,1,32.99885328652
"6","6",35.7447269241534,730.982160648953,"yes",53.8865933612634,0,0,0,1,30.911612633984
"7","7",38.4625234785537,714.261699442524,"yes",6.04984866757803,5,2,41.9348768859649,0,0
"8","8",25.3368556441482,615.450172305956,"yes",1.91704607601531,31,8,179.908903042118,2,49.6098042749127
"9","9",41.7189677410467,825.305651137767,"yes",2.12800471331757,3,3,54.574745843681,4,115.106437577257
"10","10",27.7877571168763,725.096457837956,"yes",4.2366943157901,12,3,60.4094155202483,2,78.2279405104569
"11","11",30.6683120700574,656.059779522331,"yes",4.61051158733845,27,6,148.912804125746,2,76.9404161243277
"12","12",24.9590148772037,679.57880732001,"yes",8.79108480118513,6,3,72.422314872336,0,0
"13","13",29.6280208579603,764.006842633803,"no",8.70302638585198,13,3,52.3916469122118,3,96.4114693499024
"14","14",39.1805497680655,721.237102446959,"yes",22.652968306761,2,1,20.8827753800564,1,36.5947219422931
"15","15",41.2861846953141,787.481762956995,"yes",3.21169961218373,77,25,488.492090149709,1,45.1552983303999
"16","16",33.6686771695961,721.01148046045,"no",5.91222548952946,0,0,0,0,0
"17","17",27.8686805167134,683.07150062896,"yes",13.53763887114,2,0,0,0,0
"18","18",30.5506420472748,767.511539407651,"yes",0.96785328804163,0,0,0,4,211.380079938333
"19","19",29.517390859872,753.065898238798,"yes",9.5490271419603,54,18,382.542601604914,1,28.9535640261441
"20","20",28.6781436099658,692.280380905266,"yes",7.06250134362781,21,8,166.297290002765,1,37.1535268125462
"21","21",36.2665895442625,759.869697950003,"yes",1.21377252360733,80,20,419.045142171511,6,253.083168863965
"22","22",39.6369299925159,765.93195903513,"yes",1.24564076369475,3,3,61.9642451078347,3,91.3047991829046
"23","23",42.0822694892094,730.145262126384,"yes",3.14194402042276,98,17,313.515069763281,0,0
"24","24",41.4258291294175,740.843570020524,"no",18.390559313192,0,0,0,0,0
"25","25",35.9874115239187,768.926284759647,"yes",383.273206476992,409,132,2715.00665113831,1,19.9692997566244
"26","26",33.6318271832971,693.937939832934,"yes",2.48806360466183,0,0,0,7,184.789606584229
"27","27",30.9348228179836,659.953345160321,"yes",3.34245169785122,4,2,38.431228619501,5,173.91808400793
"28","28",30.3103369149157,725.333273018474,"yes",8.9887503069922,2,0,0,0,0
"29","29",27.7711629505549,620.072878058748,"yes",4.44351749846841,3,1,20.2695659507423,2,77.358838256227
"30","30",33.784456391362,741.487336955114,"no",2.88015387641903,0,0,0,0,0
"31","31",36.2364600542991,803.837550893588,"yes",2.8537963969036,0,0,0,1,26.326135641198
"32","32",33.5904791767517,685.711891550908,"yes",0.795695506477243,11,5,100.37889557601,3,80.6286107160066
"33","33",35.8071932990021,697.01980810184,"yes",13.0098178774354,51,7,129.152534289458,3,114.854970113152
"34","34",37.8070944832812,745.33073492535,"yes",3.33478148551633,17,7,143.891207775306,0,0
"35","35",34.3983717310207,733.525284286755,"yes",2.98151216354677,15,1,20.2822032607528,6,174.57154145343
"36","36",37.4672559118551,727.247516933179,"yes",59.687749887183,19,6,104.53921538706,0,0
"37","37",28.8083777969329,699.116799316031,"yes",17.5347510202901,3,1,17.6033056208614,1,44.750821539093
"38","38",33.2522088706642,775.612660235499,"no",4.50085143242819,64,26,508.733388741941,0,0
"39","39",45.9085808071615,712.375255546389,"yes",2.65482964215341,16,6,115.353306869337,4,168.723055151056
"40","40",35.1930550548143,772.259997664379,"yes",9.73313659802322,0,0,0,1,34.9441734955588
"41","41",31.7144274571129,723.014767292701,"yes",5.94733581327474,0,0,0,0,0
"42","42",30.7502602492145,785.816828255838,"yes",8.80978295704674,6,1,21.6280923121057,3,179.270316605719
"43","43",31.4328939268571,692.493116002856,"yes",1.54707579706293,33,14,309.923681468349,5,152.341979048553
"44","44",38.6926040571741,757.376905950423,"no",28.8671811683011,0,0,0,0,0
"45","45",38.3327345701943,673.557374729746,"yes",1.94441584627229,29,8,155.290436318013,1,53.2518125910239
"46","46",37.46050422725,751.3997797977,"yes",3.31641027894946,0,0,0,0,0
"47","47",37.5372255379267,745.719254805018,"yes",6.95375470804996,0,0,0,1,35.2114482117484
"48","48",36.4896475522536,759.121136269343,"yes",2.09785023194595,23,11,237.699935680311,1,14.4118781948668
"49","49",40.5777212728342,765.153430213095,"no",5.60908624085728,0,0,0,2,83.4923748573657
"50","50",34.276564805242,741.935869361762,"yes",13.5259522635151,0,0,0,0,0
"51","51",30.6456601061073,741.076502444937,"yes",3.34982585065492,0,0,0,0,0
"52","52",35.2496909435934,727.460252413284,"yes",5.98048520510085,0,0,0,1,40.133940582422
"53","53",37.5731150209739,770.691653241365,"yes",7.67397373115769,1,1,23.1679490696484,1,40.6159608705489
"54","54",31.8253331376267,752.291383033441,"yes",3.35824122525335,146,41,852.683974723619,0,0
"55","55",32.1189732985094,678.447253340768,"yes",4.28968011238679,99,36,867.013110919814,2,55.68624247005
"56","56",27.9320969414411,679.0079339158,"no",18.7366087394522,1,0,0,0,0
"57","57",39.0508704637034,837.095065303073,"yes",26.1467145901919,19,5,97.6910057640363,0,0
"58","58",38.7998599216207,707.226293423285,"yes",2.44755005466821,127,39,766.801582628567,3,144.979825677023
"59","59",44.9520294035362,682.013065583621,"yes",73.1009188961955,186,51,1172.82056347823,1,35.6026140064211
"60","60",42.0746508607531,775.851902750165,"no",2.39702747762923,1,0,0,1,22.8966076191295
"61","61",37.101293984625,746.49297515875,"yes",15.567692243456,4,1,21.220928874904,0,0
"62","62",33.2728970787404,697.585480185863,"yes",4.01997555707582,79,21,422.745763521184,0,0
"63","63",45.3104836774507,738.881780620828,"yes",1.98342472418227,0,0,0,2,76.3847931680368
"64","64",35.9491467532445,740.496039790315,"no",1.20506575990604,3,1,22.5579558892413,0,0
"65","65",36.2171290703468,790.464702173353,"yes",3.51371050901159,2,1,20.3051159981825,1,40.4065052168774
"66","66",37.58274374511,771.320430780728,"no",9.87026915687184,11,1,18.3428516554873,0,0
"67","67",30.4396063873078,724.411220142403,"yes",9.66685418631365,1,1,21.0183860631413,2,79.0897909431706
"68","68",35.482056065985,701.734870913493,"yes",37.8345045392782,1,0,0,0,0
"69","69",33.2623723579751,760.122379005552,"yes",17.5089254217789,15,5,99.7361760297206,2,57.4890895961032
"70","70",35.4851347831836,651.369482449716,"no",1.4166983826091,1,1,18.5985111430908,0,0
"71","71",42.2667749630836,723.213600357881,"no",11.5021490712083,0,0,0,1,29.0107131682083
"72","72",48.3973254085366,806.154945533235,"no",10.8710497515874,0,0,0,1,27.1033103126295
"73","73",34.0880370391798,686.510187021942,"yes",3.78242449504553,26,6,106.028231570759,1,24.224919466791
"74","74",37.0563843119349,704.211602047265,"yes",5.037294416818,0,0,0,0,0
"75","75",37.6409187513886,763.921079546446,"no",5.02636893754744,8,2,38.1078026299259,0,0
"76","76",44.7328968522271,752.818768991224,"yes",15.449653137403,138,39,827.57743680288,1,28.3218801356774
"77","77",32.6301799480547,691.792805058452,"yes",21.0436693373401,43,14,318.999047352418,3,104.650998601491
"78","78",38.2276559250063,880.21395635123,"no",0.842325460781447,0,0,0,3,50.4417101426903
"79","79",31.7866099920383,793.397122629448,"yes",4.13936881299987,25,12,265.143204871932,3,93.4756124209329
"80","80",33.8619603036607,743.636411928491,"yes",3.91269357129764,4,3,59.8659562105393,0,0
"81","81",36.9985643669688,704.766239326902,"yes",7.71698597612931,1,0,0,0,0
"82","82",44.6293731527716,816.196199413436,"yes",0.566567451247965,83,20,384.455279876149,9,396.209540252716
"83","83",27.7269222689431,670.462297772728,"yes",15.3694076575621,3,3,62.0929717042822,0,0
"84","84",30.9736675714298,729.020603181422,"no",5.19227383302377,1,0,0,0,0
"85","85",27.6194720879736,738.463850251807,"yes",11.9103142038948,7,3,60.0760660041307,0,0
"86","86",27.9458598863936,728.369491125418,"yes",4.09553637584663,0,0,0,4,122.672733966954
"87","87",30.1687600207326,706.549410195006,"no",6.12769023049062,6,1,20.6349670077804,0,0
"88","88",35.78934387169,824.874350124692,"yes",4.72679683827663,121,41,802.123406480376,0,0
"89","89",30.5120095353544,750.773195419866,"yes",12.3669954890446,23,10,207.853363580694,0,0
"90","90",39.7434122078987,655.781919772914,"yes",14.059597701139,0,0,0,0,0
"91","91",30.5723983709641,779.276850862838,"yes",20.0386175598989,7,1,22.3472269605543,0,0
"92","92",32.5082516627744,666.674448835233,"yes",13.3477039203132,3,2,42.567499847176,0,0
"93","93",27.8844676666489,672.287681256458,"yes",11.2608454220744,8,1,20.7077718181912,1,27.6758078678488
"94","94",32.2030138178506,696.150980788915,"no",4.11322595308114,0,0,0,0,0
"95","95",33.2179035572662,790.35018524133,"yes",18.5335276138447,26,7,147.642456064283,1,31.9928282505227
"96","96",40.3294695734212,780.761471684623,"yes",0.342390293425319,7,3,73.919594449204,9,428.163828695219
"97","97",35.6566815296556,649.575460545026,"yes",2.05979081231294,0,0,0,2,57.1693976700138
"98","98",29.6020756511963,704.21931420554,"yes",19.4505239489841,0,0,0,1,35.2933275540516
"99","99",36.4415943563054,724.230559147542,"yes",3.9064237413516,17,4,71.9752772313645,0,0
"100","100",31.074863858423,727.812685262436,"yes",7.31958103511802,0,0,0,1,30.5235113451746
"101","101",34.4530738720017,741.15359631909,"yes",9.97894932491223,151,50,969.532470048402,2,58.7277125127739
"102","102",35.5365727917064,758.315341399333,"yes",19.456198431248,38,13,254.050272051363,0,0
"103","103",32.9885703241658,775.098577478786,"yes",8.33755252529459,18,9,180.750564376312,0,0
"104","104",34.9196949265072,731.082288808866,"yes",1.24666430074835,2,1,15.1548660816876,6,132.716880152223
"105","105",27.9289316385489,683.03323814252,"yes",3.21287001687523,35,6,125.050362314418,0,0
"106","106",37.905843242765,716.938604444071,"yes",72.0490041247277,1,0,0,0,0
"107","107",37.9595874430596,790.954664492551,"yes",4.91244973570372,0,0,0,2,41.8645978027332
"108","108",35.3847963052446,713.753801642733,"yes",8.65469541234608,1,0,0,1,35.9222497647638
"109","109",35.2896353804254,758.081683089923,"yes",11.8414985953822,151,46,835.524328307453,2,69.1952250199585
"110","110",33.3431746915113,657.88157969802,"yes",2.78106028182614,10,4,100.365600501332,3,91.9473694648872
"111","111",38.2037890367495,782.231872218775,"yes",6.30290867859599,77,23,456.605498625975,1,37.0843789851949
"112","112",41.2492715099834,812.491917239556,"no",284.754556419346,1,0,0,0,0
"113","113",30.8321176653228,689.609768123726,"yes",2.5767663286456,0,0,0,2,47.8189981524098
"114","114",39.132452167451,709.884045007409,"yes",11.8553839699767,0,0,0,0,0
"115","115",28.3192816287684,742.727220483739,"yes",9.12351270094293,5,2,42.7508282050849,0,0
"116","116",41.4142758965293,722.867118928318,"yes",9.10128711147678,60,20,351.481161174906,1,25.602396658853
"117","117",41.2476518330122,790.131713491604,"yes",3.59823370678289,9,5,100.588530379728,0,0
"118","118",34.130888933013,609.76790381093,"yes",1.32355099457689,63,16,293.993124544303,4,151.126671198649
"119","119",40.1308316057528,775.452154810617,"yes",2.20515390974561,2,1,23.4297809717394,0,0
"120","120",38.0605173330302,751.859468741632,"no",6.7174310596659,0,0,0,3,49.027696415244
"121","121",27.969913607186,743.160333805342,"yes",26.7749684004407,1,0,0,0,0
"122","122",36.5161766867004,775.150955582604,"yes",2.82145300036723,0,0,0,3,205.844502468196
"123","123",26.658113398019,648.049795628354,"yes",23.4348323766652,6,1,19.5440128900117,0,0
"124","124",38.7486721866492,721.5018781419,"yes",0.889869376237682,18,6,104.314144611241,1,22.4043967541011
"125","125",32.0857401139349,676.167971517263,"yes",2.7242803833299,3,0,0,2,89.8277100843257
"126","126",38.0700688466987,775.98480661446,"no",2.13111529413107,0,0,0,1,42.9205825117142
"127","127",35.6118049932803,685.458951884456,"yes",13.5085530805643,0,0,0,3,128.177812609479
"128","128",25.0275386428192,622.279508939097,"yes",28.7460904747751,5,0,0,1,20.7393302261085
"129","129",45.9911897611542,745.169061971942,"yes",4.15466486130886,0,0,0,2,39.6620583463012
"130","130",43.5276735014296,709.687960382154,"yes",28.4033712979285,24,5,98.9147324815409,1,21.6373726983172
"131","131",41.4805711877968,768.901792598552,"yes",12.6363555394495,0,0,0,0,0
"132","132",29.6402025226387,721.825606541375,"yes",8.07221888392477,7,2,46.3714429079503,3,193.476524014989
"133","133",40.9015998638332,741.316060101359,"yes",7.47237454818067,111,42,761.873157015973,1,27.925352984856
"134","134",37.1870628330316,720.976910114972,"yes",5.05736608359504,72,21,430.593924307517,0,0
"135","135",47.5902461046629,714.900680798393,"yes",23.5177645916827,143,39,792.300534804617,1,40.6134893512046
"136","136",29.4453126009204,768.303600607911,"yes",3.19803362351921,2,1,19.4845642351914,1,64.424125053604
"137","137",35.9199318127066,621.593693868169,"yes",1.41004603053966,88,30,609.731769597221,1,21.818957031738
"138","138",28.4324224114085,631.887484665436,"no",2.65645864548795,0,0,0,0,0
"139","139",32.404721268422,679.700609251387,"yes",16.8652952988492,3,3,60.2956975305762,1,26.6759765624188
"140","140",34.3611035088132,731.525738275113,"yes",10.2462229226636,0,0,0,2,69.2347350726363
"141","141",28.1134546043161,737.334122863133,"yes",1.20474114566322,1,0,0,2,86.0887089511137
"142","142",36.2565459544879,783.786595230866,"yes",24.8443263183859,20,5,111.575224993171,0,0
"143","143",36.2776529544412,747.68408442506,"yes",15.6577812891733,79,19,392.30440431161,1,33.5343743714359
"144","144",38.00628848205,737.558341750819,"yes",2.61688350602008,14,5,88.7497880645114,2,50.9023460393631
"145","145",27.007692301294,652.167577070612,"yes",7.50434854266114,12,4,73.7206181141085,1,26.6934080837613
"146","146",28.0697960095652,697.898753127376,"yes",11.0492877213904,0,0,0,0,0
"147","147",40.4327471315574,761.464157966469,"yes",21.8351176308206,71,20,410.03525064514,0,0
"148","148",46.2187294907966,731.364859165714,"no",6.0469444063134,0,0,0,0,0
"149","149",26.2038225493969,685.005223154841,"yes",4.53527278743807,123,33,568.673376749627,2,46.0989118063242
"150","150",35.2266724201065,693.652222316182,"yes",1.22897115279784,0,0,0,4,126.660358720632
"151","151",44.8556314456722,725.79049665527,"no",3.68462152762136,5,0,0,3,114.81429397184
"152","152",41.6390971984777,736.001260898606,"yes",46.1824541674738,17,1,20.7841783333541,0,0
"153","153",25.6053411867341,731.775034651806,"yes",23.158223656496,69,21,446.377792199928,0,0
"154","154",31.1312496796783,708.335698226457,"no",0.723471014020346,0,0,0,9,234.15258477038
"155","155",32.7166887640642,688.630205000068,"no",0.579719808583442,0,0,0,4,142.693805109816
"156","156",33.8741112812299,804.568326566796,"yes",19.7360840076956,0,0,0,1,54.6921593526002
"157","157",34.2458721882403,730.217304645244,"yes",21.9963676510355,100,30,489.943554302713,0,0
"158","158",37.5457559440093,701.677191879207,"yes",1.55030371881158,82,34,656.732515801281,3,111.017862790974
"159","159",45.1974670497422,788.558380734203,"yes",55.0370289526121,0,0,0,0,0
"160","160",36.0978545822537,652.186032156174,"yes",25.8999896224592,1,0,0,1,23.1777001788579
"161","161",35.9850766218153,654.464439237325,"yes",1.15425001018029,0,0,0,1,28.2146024703826
"162","162",35.8110683159849,754.378138993771,"yes",11.1006104321246,0,0,0,0,0
"163","163",36.207434903326,636.969658929063,"yes",7.3128660639734,2,0,0,1,49.8612163146192
"164","164",32.0332851808798,668.740429000387,"yes",6.11757737153634,0,0,0,1,45.6712281438523
"165","165",41.9668454964154,731.331295251304,"yes",18.7062823316692,18,3,61.094667281154,2,58.3852999098454
"166","166",31.3560811553905,693.82361565546,"yes",5.97490807720718,73,26,512.816775522893,0,0
"167","167",32.6342882875983,676.04178254808,"yes",6.5338401754476,0,0,0,0,0
"168","168",35.4411054604166,690.937990599954,"yes",2.31168897732105,186,48,1004.85353109813,2,83.2061712696467
"169","169",34.7038098120913,699.150635156915,"no",6.78752316747558,144,43,795.784866422714,1,37.7799172643622
"170","170",35.0334704550058,662.148662614325,"yes",9.96983080861361,5,2,42.0952394396932,0,0
"171","171",38.1846086330149,726.706156268723,"yes",128.319241629569,0,0,0,0,0
"172","172",36.6192534262933,656.608658603079,"yes",8.66608507808783,0,0,0,0,0
"173","173",30.6608437424437,700.132593730534,"yes",1.46909928529531,16,3,59.6125780493257,3,107.868238781314
"174","174",38.5402227853174,778.230336693028,"yes",0.613683067175401,5,2,41.1409015315677,2,82.802086141927
"175","175",30.9678488957127,759.749563679868,"yes",12.8156415504945,40,12,237.698525208623,3,131.382176848087
"176","176",39.6186406150027,657.304387724807,"yes",34.2094775139578,31,9,149.996421927984,1,45.8265712620937
"177","177",31.28280598194,717.226587667508,"yes",2.49899060953043,1,0,0,4,171.295599691915
"178","178",42.6756370158402,746.299038994807,"yes",9.2953833439031,9,4,76.7146136690671,0,0
"179","179",34.3332928628702,660.680693794309,"yes",1.38987863297868,1,0,0,1,77.759054144352
"180","180",37.7938626668231,736.386598736579,"no",6.80241509525172,32,11,230.42441142508,1,43.2663791441
"181","181",39.1624531938338,722.295187993409,"yes",37.834198014278,0,0,0,0,0
"182","182",34.9486029498889,806.123020278186,"yes",5.69663686210704,8,2,37.090616550917,1,22.2017197758434
"183","183",38.4587727624405,666.777930088026,"yes",3.76516005140659,33,7,137.332154736437,1,23.9971659302182
"184","184",31.0520109450556,747.977479422392,"yes",6.37833932349779,96,26,490.382964275761,0,0
"185","185",38.4446846866216,723.990469511276,"yes",5.85357929081082,21,3,64.0480710158172,0,0
"186","186",29.5511324954183,737.896210341591,"no",51.534779957277,8,4,79.3341551589799,0,0
"187","187",29.640391047873,735.233528476392,"yes",1.54851613262882,19,2,42.8663451785253,1,76.7630065560375
"188","188",27.0571230699567,796.174179015384,"no",2.51503124025455,0,0,0,4,99.7185001895013
"189","189",33.8075318475634,702.876549846558,"yes",11.3129346720268,0,0,0,0,0
"190","190",34.8474488865043,790.847950096604,"yes",7.92073773663443,2,0,0,2,62.2134083950244
"191","191",39.5563109309087,813.642043403243,"yes",1.89985477384815,0,0,0,3,117.078537831694
"192","192",30.8661047739293,662.736685454999,"yes",8.10011214711132,198,55,1032.47012580326,4,141.815382633153
"193","193",40.1344129870964,804.754698766645,"yes",6.18236515686557,1,0,0,0,0
"194","194",34.515590917632,620.369270702147,"yes",18.6453161322964,1,0,0,3,56.3510433276275
"195","195",35.9838623989846,696.067949632207,"no",0.58311962782403,6,2,46.193974610728,4,169.76172756613
"196","196",38.1383553620713,813.370219220762,"yes",2.11317814347383,17,3,57.8513831234848,2,88.3585355218105
"197","197",32.4676821574843,662.001008381677,"yes",3.35609896293318,280,88,1702.84652698109,2,128.549221121623
"198","198",41.7094616240074,779.622519195055,"yes",3.06208573226136,0,0,0,2,62.0399919355142
"199","199",37.9352829208222,746.998286074696,"yes",12.1673349319836,104,32,636.385303134991,2,48.9479655220283
"200","200",36.1035985878829,659.358180608496,"yes",1.15532802948705,15,4,99.8480307423905,2,64.1040103177464
"201","201",35.1006581822239,719.491565994957,"no",18.3248331640208,23,6,138.135184166332,0,0
"202","202",40.5420862660934,759.292422447891,"yes",6.5737936599253,1,1,20.9298121502975,1,35.0272508854686
"203","203",32.7723253977025,669.844083107341,"yes",4.27784079765348,0,0,0,1,75.5518892580394
"204","204",46.4092305888778,751.051128695093,"yes",9.96789285418482,0,0,0,2,61.9502362490164
"205","205",30.2070011982602,726.188598717362,"yes",8.0034080049056,5,1,21.6502410611371,0,0
"206","206",35.3702172608584,601.220911648614,"yes",2.93001394446837,5,2,40.9967120764584,3,118.024945761002
"207","207",45.3093336373106,750.271463955178,"yes",1.75072170974812,10,4,82.6090973059252,4,85.1527264230518
"208","208",30.9750136355792,695.566809294435,"yes",14.5139308055249,131,44,895.651059186011,0,0
"209","209",40.2024062185896,764.577517876004,"yes",10.4027183002243,0,0,0,0,0
"210","210",29.5056319827336,699.112051558454,"yes",13.7748833510861,0,0,0,1,28.8011640171772
"211","211",34.1901012863373,736.737053554366,"no",20.8280170232638,3,1,23.3854244848967,2,33.3292139642736
"212","212",36.6465603804619,724.509708691351,"yes",23.7273148904753,14,3,64.1050803576033,0,0
"213","213",40.4609516144368,690.532169358061,"yes",3.53391022679929,144,40,854.590024745017,1,45.8469057831431
"214","214",46.2142865202159,797.544788989823,"yes",192.63599104077,1,1,19.9426479714666,0,0
"215","215",34.25196823588,782.781586474519,"yes",4.29922183772214,0,0,0,1,45.6636442332493
"216","216",37.2559912021334,720.596070898146,"no",6.31838026080231,0,0,0,2,87.7468503270253
"217","217",39.6269213668503,768.052996060558,"yes",35.0598571174298,10,3,72.8633496811413,1,41.6642090090007
"218","218",32.2144290212805,749.349361005267,"no",3.81343485863805,39,8,164.502876860933,3,200.894880680256
"219","219",39.3722283175232,735.723917070326,"yes",14.1527161521367,49,11,208.454103956777,2,56.1846979372724
"220","220",30.1559049988031,696.927138915881,"yes",1.78884766940542,5,1,21.3176280338981,2,84.7505184514364
"221","221",33.1210061829712,775.290314434122,"no",9.52951305740549,10,2,42.0250107208087,2,43.6122039810737
"222","222",37.3653694390992,789.907595707301,"yes",72.6324461764911,79,23,476.091728746878,0,0
"223","223",37.4143361095294,731.03562859609,"yes",3.38172117902884,22,6,100.088100156703,2,43.0711989986877
"224","224",49.2142614546911,720.456121291117,"no",12.4793275172978,19,3,62.3472268249099,1,51.830837425711
"225","225",36.0837039374012,776.402283740056,"yes",2.55203150799403,1,1,17.7233291417276,2,48.2230774037147
"226","226",40.5497491403515,748.169248197897,"yes",7.37938862457665,310,73,1397.10750201535,0,0
"227","227",36.8412933334095,695.891036125403,"yes",31.9890586092112,1,1,20.663263302209,1,30.6714875407153
"228","228",32.7693869364354,693.408066729457,"yes",13.1907801008182,1,1,20.7584088105188,1,48.8711539656735
"229","229",33.060715123679,691.857546961014,"yes",0.541314131304829,97,30,610.760221163419,11,303.498917808368
"230","230",31.0252895235631,699.36207623727,"yes",0.872001078607061,9,3,54.3489492591164,4,87.6978032662348
"231","231",31.0295411519796,713.852630083143,"yes",24.5965325536346,0,0,0,0,0
"232","232",35.5441822745288,740.305247307858,"no",40.1573334727993,0,0,0,0,0
"233","233",40.8915877927822,753.228986169917,"yes",30.7016070680843,0,0,0,0,0
"234","234",34.1627052391895,826.234909288939,"yes",6.97483742177667,94,24,497.120422296385,0,0
"235","235",40.1774032498815,814.815784542632,"yes",14.8638620058695,17,2,44.7936570864776,1,27.5504432317174
"236","236",43.0612459640903,845.511318076854,"yes",34.0732861583615,3,1,17.4277899753046,1,36.116575680724
"237","237",36.1294558784115,763.041602573872,"yes",7.41487028333542,5,0,0,1,26.1357986393035
"238","238",31.3396870726591,790.313065371684,"yes",0.466113082060257,0,0,0,5,222.978907193706
"239","239",34.5072285227051,779.672020461208,"yes",5.43415208112159,1,0,0,0,0
"240","240",38.4752293542867,764.288939079575,"no",22.6110028319261,33,14,246.508165062437,0,0
"241","241",52.3961407116086,694.342191220028,"yes",36.8077597326028,74,20,356.746025676255,0,0
"242","242",39.8615580917173,673.637838922234,"yes",7.41773709358401,2,1,19.8509670485797,0,0
"243","243",38.0968662171212,786.070460814997,"yes",16.5740486462454,2,1,19.1101510618974,0,0
"244","244",44.3172874545674,708.6177940455,"yes",1.27839145307242,22,8,157.624965817471,5,166.586894204903
"245","245",36.2922519558579,641.806466238854,"yes",3.36945127955887,0,0,0,2,51.1469360326202
"246","246",30.8441652974125,681.42115196883,"no",51.4056399711008,1,0,0,1,20.2861544563702
"247","247",25.3334185392147,651.263689480439,"yes",17.3653884107781,3,1,22.1022030392558,1,41.0893073064653
"248","248",33.0895370739843,759.812351545622,"yes",8.4396997962649,12,4,68.4768229420923,2,47.7531959925244
"249","249",36.3032368233358,829.167479660604,"yes",14.7285445252517,30,12,211.378448567413,2,95.9312153027844
"250","250",37.8385240701168,727.028934947892,"yes",11.7918232207065,60,17,364.232169975306,0,0
"251","251",29.683450151392,675.440161606941,"yes",1.59078627776384,0,0,0,4,209.503669772676
"252","252",32.5579596283705,718.219866774195,"no",4.69050975398819,3,0,0,3,175.48243114577
"253","253",40.9832389157637,759.258728372935,"yes",15.7429474314147,0,0,0,0,0
"254","254",31.0891107154833,689.141033794335,"yes",34.5075201157988,261,70,1441.72061044114,0,0
"255","255",36.678902094387,724.843398572655,"yes",13.0843988967941,2,2,41.0300770156965,0,0
"256","256",27.7476151800926,736.487465177003,"yes",8.8763854324516,171,41,881.714640189711,1,78.5670949253725
"257","257",30.5597628085524,675.870814313034,"no",20.2719830085841,23,8,176.693141400588,1,40.5599221736526
"258","258",30.3895780020383,616.68317803329,"yes",20.8699205300671,61,11,240.727491971627,0,0
"259","259",44.737822384103,748.329626459666,"yes",7.00029237517056,19,4,66.2141606196354,0,0
"260","260",31.6967888730736,705.653654891129,"yes",6.64690599255916,0,0,0,0,0
"261","261",35.8975112125466,689.81503047566,"yes",3.78575562647444,0,0,0,2,52.8530987060901
"262","262",26.378475935048,606.499447276734,"yes",21.9131277001777,6,1,22.3523374796784,0,0
"263","263",36.3637878380377,738.454463368142,"yes",8.08081604855367,2,0,0,0,0
"264","264",39.9941787420173,675.252864381619,"yes",3.28454230654787,57,16,336.1984459231,0,0
"265","265",34.3616156180864,698.017443872549,"yes",1.95413063963499,8,2,42.1684170201898,1,47.4221425771728
"266","266",38.6270988058787,701.017052494502,"yes",12.315645481468,7,0,0,2,47.9138076272156
"267","267",35.4621835442,773.42939251185,"yes",16.127230949842,1,0,0,1,22.7854573996527
"268","268",34.7533679886949,685.249120510703,"no",5.73438900556074,0,0,0,1,26.2386213728136
"269","269",31.9665019886242,608.999039395559,"yes",8.24488367865842,32,9,198.401344101503,0,0
"270","270",34.8165805120177,706.830174151079,"yes",1.21939296505086,90,25,500.666470714196,3,101.58318521524
"271","271",35.0547913767215,776.753671082972,"yes",6.91464856035891,0,0,0,2,86.8986145658178
"272","272",28.8470808659637,790.652997866855,"no",14.8641882560135,1,1,17.9052639737391,0,0
"273","273",29.7469939726087,769.245329615404,"yes",28.1567640768481,2,2,37.2340144560981,0,0
"274","274",37.3563050365366,689.670772093411,"no",1.29478561130081,0,0,0,5,121.469220978068
"275","275",37.7223031199489,717.266176037696,"yes",10.1130517309813,125,43,843.718898917487,1,64.5907440848906
"276","276",32.2620865155195,860.514843685854,"yes",12.6474415910027,13,3,67.5310435074968,1,18.6328010733113
"277","277",29.4771603703425,784.485558596364,"yes",3.63443280596251,0,0,0,1,95.3908356337453
"278","278",42.3041157187169,724.825548638869,"yes",28.3587939490118,38,13,230.908323332381,1,42.3905090442329
"279","279",38.2567643218452,670.367279467383,"yes",8.25803671296799,46,19,384.065520127834,2,54.8625936020555
"280","280",36.7592295032543,824.426843339561,"yes",15.1611411317209,41,11,223.537185029731,2,46.5570727391191
"281","281",31.6438283413078,791.838111389659,"no",1.4592803899961,1,0,0,2,69.0324179189409
"282","282",34.6899100357963,718.687250465859,"yes",1.52384546708331,5,1,20.9346632363687,3,95.2412066925687
"283","283",40.0414493424928,796.041154729268,"yes",7.5492495241612,11,2,43.7874078703335,0,0
"284","284",34.686564302967,805.687637590521,"yes",22.7186490947471,13,5,107.001118593367,0,0
"285","285",35.3820246027899,694.422977716036,"yes",2.33402380447366,0,0,0,3,105.645023372253
"286","286",33.7175060796944,628.282328684696,"yes",4.4818949443681,2,1,19.3793164680388,3,67.0817230188673
"287","287",33.3068692287853,719.009733729651,"yes",2.05089971533068,1,0,0,5,124.437497128722
"288","288",32.5045596974617,703.925310344367,"no",12.1085666869607,24,6,128.589958256172,2,66.2514373872755
"289","289",36.1928091285521,698.882107802102,"yes",35.0451560519706,2,1,18.9484556412758,0,0
"290","290",29.5451952938167,746.877307434127,"yes",15.0373325459563,0,0,0,0,0
"291","291",41.1067739830714,713.224413212784,"yes",5.2188908140957,0,0,0,2,39.8480876339732
"292","292",34.1086973079318,666.922626698198,"yes",14.3295038284216,19,5,106.864429726061,0,0
"293","293",43.8961516655926,737.340808533246,"yes",4.93120961743776,6,0,0,1,75.0006630985342
"294","294",37.2840524388809,777.40656872374,"yes",3.14579823416213,2,1,24.2689094718978,7,194.001620502297
"295","295",36.1182096731674,714.080420956267,"yes",13.87937231896,2,1,22.3797644082204,1,22.4710243512692
"296","296",23.8102500205862,663.259445430708,"yes",11.0514702832093,1,0,0,2,81.1161039031196
"297","297",31.3800508567682,699.514967505796,"yes",3.6894793850139,32,6,119.90958456716,1,37.32155614897
"298","298",41.1808228153352,718.058182535022,"yes",5.6208721191071,0,0,0,1,16.7637486300283
"299","299",27.6117984686197,624.510654322392,"yes",20.0153862556127,124,40,910.204472035866,3,132.873900424108
"300","300",34.0047861102363,751.024501576512,"yes",2.2906833601399,9,1,23.104290980642,1,38.9863037586486
"301","301",41.1630764908775,693.274286023527,"yes",9.9334796727635,9,1,17.1625109046391,1,33.1591178308163
"302","302",45.9169908234723,703.667102804368,"yes",19.4726770520267,0,0,0,2,45.7497746208398
"303","303",31.7675480846524,704.788440504439,"yes",25.0973279324619,144,47,990.100699741469,0,0
"304","304",40.6747070007961,757.047849513062,"yes",13.0817554180008,36,8,149.764086149403,0,0
"305","305",36.352153683066,749.458525669052,"yes",17.2352694157293,24,6,110.303011989961,1,21.3754142896744
"306","306",32.7013923466801,749.388064877788,"yes",4.52774678145534,1,1,16.207972554449,1,43.9371016496516
"307","307",29.0488459424647,664.882015656052,"yes",5.93318500414977,7,1,23.8861200575827,0,0
"308","308",40.5660222374114,764.123735044812,"yes",3.32143485339348,20,11,183.041940694342,1,30.9707799594384
"309","309",25.5872221534429,705.668075856491,"yes",12.0811401592055,1,1,18.780404695912,1,30.4029453211285
"310","310",35.025662817498,781.422011888217,"yes",2.62046657987512,109,29,570.249804632683,3,89.4150688480878
"311","311",37.9663337109106,762.524740030917,"yes",13.872322315666,15,4,84.5030508835786,0,0
"312","312",33.4271452593461,738.778255146724,"yes",6.77683648445792,1,0,0,1,23.4358523077241
"313","313",37.9696097506363,715.142137748912,"yes",13.256552315582,0,0,0,1,30.6305965822887
"314","314",36.2799304906307,779.39791819916,"yes",5.34269812408731,143,53,1239.47203357532,0,0
"315","315",40.5877751309753,677.564895174959,"yes",2.25047257228334,5,2,41.7648503431943,3,157.723300308986
"316","316",33.9915814830518,747.156497690848,"no",13.0769965143723,23,3,56.8899368020577,1,27.6459527898909
"317","317",34.7177767776072,627.163760803893,"yes",10.9481379441826,11,4,78.4961684048545,0,0
"318","318",38.6726218844895,722.700096361702,"yes",14.1933572735983,49,17,362.880159547919,3,61.6064330969186
"319","319",29.4627765104295,808.244312505564,"yes",4.70060457076232,71,21,351.492348591357,3,114.583871883455
"320","320",36.5921468234946,761.249834488451,"yes",3.1611759813448,0,0,0,0,0
"321","321",38.9601814838222,715.200763462961,"yes",1.1305377813332,0,0,0,1,33.965320125424
"322","322",38.6830250286192,604.213718248855,"yes",0.642220152941791,21,9,209.070121117265,3,81.5882165030463
"323","323",40.7017127972149,659.749365088,"yes",26.9061169603371,51,23,470.198428658217,0,0
"324","324",42.6703237617244,797.897793725141,"yes",2.10913716080101,0,0,0,3,69.8372301032134
"325","325",40.1986265509325,799.521872607105,"yes",7.48226090362332,0,0,0,0,0
"326","326",35.2830742743822,761.971087553219,"yes",4.02811914343492,15,3,49.6454166055297,0,0
"327","327",42.7269908328071,709.944480802554,"yes",2.13931962580903,0,0,0,2,75.1161379849425
"328","328",41.0420543956701,691.286341024353,"yes",5.37007669899959,0,0,0,0,0
"329","329",25.6356295342376,645.501889927266,"yes",25.278107087239,0,0,0,0,0
"330","330",41.3432081032503,712.971808327444,"yes",8.03841852466084,0,0,0,1,32.4708251115292
"331","331",35.6756417516524,729.520033802265,"yes",6.51963416745423,10,5,94.3208282673125,3,66.2301765806948
"332","332",30.6961346607106,752.674887859247,"yes",9.55689159502943,37,8,134.771444561597,0,0
"333","333",33.6939642677661,719.825464671197,"yes",30.6917731027325,1,0,0,1,45.9079230351559
"334","334",30.6386776828456,734.308859526712,"yes",1.93415513732787,3,1,22.334454319234,1,28.1365759931515
"335","335",28.664658370672,698.900005739129,"yes",11.5987675013314,54,19,356.750943895698,0,0
"336","336",28.5131179349822,725.586753918054,"no",3.89916115691424,0,0,0,2,82.7638383318189
"337","337",26.3428467861135,624.536615481087,"yes",5.83559460856575,12,3,68.008314169847,1,30.1361159190198
"338","338",35.120013397716,798.022241714382,"yes",7.77243924115461,0,0,0,0,0
"339","339",33.4627963002609,691.993349438708,"yes",3.28145212075586,3,1,20.6073561165309,5,253.219731176849
"340","340",39.7097854804621,752.513424089986,"no",16.5282936899809,26,8,157.356843092745,1,23.1725009217675
"341","341",27.7397823780281,697.32140267477,"yes",12.2950613421261,11,4,87.0308707831653,0,0
"342","342",34.1578623015575,811.053309402221,"yes",1.63065686490941,63,25,515.004039754481,3,66.5821807062417
"343","343",28.3866306153433,695.231829190887,"yes",45.2981575540769,70,27,568.387211140106,0,0
"344","344",45.1071411095384,772.455948584949,"yes",2.89729826612414,0,0,0,4,202.35273069489
"345","345",26.0369241378782,564.65067789013,"yes",13.1657408583308,26,7,130.518197211556,2,69.3513142698922
"346","346",43.1390433836412,680.220674033942,"no",8.85095769544166,6,2,36.7177550037596,1,61.3545797161676
"347","347",38.9639344979669,695.309976214482,"yes",4.25380001473609,115,35,779.172307627814,0,0
"348","348",38.3432587255988,782.886766147959,"no",2.69741980558153,0,0,0,0,0
"349","349",39.187033044572,824.176786568829,"yes",25.295383755233,0,0,0,2,45.0340840863647
"350","350",39.4523543616691,705.491134263353,"no",1.6592389898654,67,16,304.936070372072,3,130.249221430716
"351","351",34.6290946255479,748.252949534676,"yes",5.91030259407051,1,0,0,1,64.328964840169
"352","352",30.8668358677605,633.535504938225,"yes",16.2911125330078,7,1,20.4523564506486,2,45.615566721762
"353","353",40.6998343327588,819.247941635784,"yes",6.65190174054522,0,0,0,0,0
"354","354",33.3119735293773,782.757759909486,"yes",3.62726580462149,0,0,0,2,131.151998529052
"355","355",30.2948916899368,759.381771227203,"yes",1.30258430965137,14,7,134.018410194762,0,0
"356","356",31.9565171856993,773.53283515597,"yes",60.0934213623151,7,1,19.3150505738335,1,26.0923873552041
"357","357",36.6490690215188,703.63796743791,"yes",2.66355214515135,24,5,100.456271812175,4,224.567328252308
"358","358",40.9075212286344,793.56712390366,"no",3.79503694280882,6,0,0,0,0
"359","359",44.9449424747139,767.664340503415,"yes",2.8542931964472,2,0,0,2,45.283779526582
"360","360",31.0933966903475,746.472081204626,"yes",2.42804762977131,8,4,77.9065667344026,3,131.063449220062
"361","361",20.7372203261303,714.832729796939,"yes",24.8456793848799,12,5,110.077831517663,0,0
"362","362",29.4670328251774,706.103391730728,"yes",4.17101177503252,0,0,0,0,0
"363","363",34.4851496581232,703.705796506396,"yes",9.81157697857197,59,16,454.456522209374,2,72.0198994627504
"364","364",37.5308637672455,632.809624881173,"yes",4.96252708134752,5,3,51.5150137891799,0,0
"365","365",29.8540915261547,708.832361717864,"no",53.1256546225923,0,0,0,0,0
"366","366",27.8509170812197,771.459173366447,"yes",7.61776883321176,76,23,432.110800526791,3,91.2507978600309
"367","367",33.3840376430578,638.606499872615,"yes",7.67362702675045,53,20,372.297274053286,0,0
"368","368",40.1943529832951,680.938669546081,"yes",2.98092339474456,53,21,398.009503195107,5,85.9548887585577
"369","369",36.2382579888969,754.617094292515,"yes",7.30521468171476,40,13,295.50981142438,3,100.697864207748
"370","370",43.8740410145175,735.713819256604,"yes",3.00187504283386,1,0,0,0,0
"371","371",31.6095014271296,645.69156037137,"no",20.2887119948851,2,1,21.3283635517236,1,33.0613313478445
"372","372",34.7797750616382,674.697857214346,"yes",9.4146581724635,11,1,17.6905477237355,4,104.568149436495
"373","373",38.1849860949351,743.407826250899,"yes",14.6291500084647,9,2,42.8582301383143,2,91.936563247657
"374","374",31.9184705405783,765.042728609,"yes",1.14325117687416,90,27,591.787476127619,3,90.8717889106954
"375","375",39.2450895486877,716.923641345049,"yes",6.72881809136975,11,3,66.045409129514,1,26.5081819691264
"376","376",38.9069667975178,743.175863543792,"no",13.7553642384956,0,0,0,0,0
"377","377",36.8458191481146,672.333803284376,"yes",0.445295944871456,4,0,0,5,193.831932187099
"378","378",38.5730274466793,674.114410047416,"yes",14.6254857003337,296,89,1513.15858241228,1,21.353525149879
"379","379",30.7276372606247,661.820955425136,"yes",12.1639502345267,3,0,0,3,235.353993320354
"380","380",29.703407137005,712.136325431481,"yes",22.8221183323896,0,0,0,1,29.1548029332131
"381","381",27.9163483797058,699.645446830464,"yes",4.06816867829373,289,85,1881.41446870344,1,34.5653951532979
"382","382",36.7347947386066,780.578089258481,"yes",1.77449160280229,1,1,19.3350006449056,4,148.560145234248
"383","383",42.8293813667443,833.767469098509,"yes",5.97429888528501,39,12,216.996050451785,1,56.941734754966
"384","384",40.2566594259279,747.438610405875,"yes",4.88066330266966,103,33,658.32445999009,4,73.1948984153222
"385","385",32.2728917984025,744.360224455168,"yes",17.7518542870714,0,0,0,1,53.3486287173956
"386","386",36.7109560703055,759.456582382703,"yes",73.4443942676767,47,13,284.94097791198,1,30.595948562561
"387","387",42.9239298621042,808.566347300489,"yes",1.53605911822338,0,0,0,2,99.9907479890358
"388","388",33.6605520742817,697.218684367575,"no",12.0351173596133,21,6,114.369016160527,1,47.2627479477507
"389","389",30.8488719171916,799.651683539634,"yes",38.2325160119264,0,0,0,0,0
"390","390",43.2752422792807,778.769196600418,"yes",1.10809228366099,24,8,181.233232178399,0,0
"391","391",30.3822341001352,736.505097704621,"yes",14.4055185410031,1,0,0,0,0
"392","392",28.1216117383183,720.351288011266,"yes",12.9426587774504,8,4,80.764863972713,0,0
"393","393",35.4463089461104,727.00287124712,"yes",3.28259874375914,1,1,20.8016291906669,3,143.422745485243
"394","394",41.3724047840005,807.244424562741,"yes",5.1450360769061,73,21,445.977791905817,1,40.7483021330724
"395","395",34.4948283893388,707.345455522063,"yes",20.3642691405316,50,15,313.295882910615,0,0
"396","396",40.1897046572187,739.811418684037,"no",12.3221116835922,4,0,0,0,0
"397","397",29.771865278191,739.801053001802,"yes",86.6681335479979,12,7,168.550528207367,0,0
"398","398",40.9874938333471,727.162514565331,"yes",1.1005225027232,0,0,0,2,37.8343598432997
"399","399",39.2185393485413,719.554132971863,"yes",4.68546577642996,28,6,131.369945391623,0,0
"400","400",31.8209493923227,737.040793518761,"yes",6.16357033516366,27,7,133.746154050426,3,149.814865357718
"401","401",35.7522870435117,851.790350521274,"yes",9.37609025912972,177,63,1174.29749445673,1,29.0449014479584
"402","402",31.5108407268584,690.543876465531,"yes",3.42086222333371,0,0,0,2,36.2224342816056
"403","403",29.1936343593978,892.729091592843,"no",13.6241403327919,44,18,363.821475940047,5,177.869484629458
"404","404",33.921918391361,773.822691182723,"yes",5.15885549749321,2,0,0,1,25.6424712617635
"405","405",33.678965364552,658.009915496801,"yes",12.1076195395729,10,3,62.5247202252698,2,80.3130134660324
"406","406",35.8350591499663,731.910918734406,"yes",6.55767185996124,0,0,0,0,0
"407","407",27.0637680699029,761.70722452016,"yes",26.9156050669674,209,71,1728.76888901178,0,0
"408","408",30.7213095715244,682.062451455682,"yes",1.57046086402951,110,32,499.593154473867,5,72.8749967023481
"409","409",38.3386980589655,766.445625074007,"yes",10.5773164192266,0,0,0,1,57.2693951926513
"410","410",39.47521960595,661.926226849535,"yes",13.7315983337439,0,0,0,1,20.2052382179819
"411","411",34.6314233715572,641.152848313299,"yes",13.6039265784992,2,0,0,1,34.2182443300028
"412","412",32.6312370375902,751.449647195686,"yes",18.4812935270138,1,0,0,0,0
"413","413",39.5277059349425,747.441068302325,"yes",11.6957909975191,12,5,95.4892135823815,0,0
"414","414",36.6802783264752,770.716972435348,"yes",31.9600870368162,0,0,0,0,0
"415","415",40.0223375409514,699.586602212094,"no",11.6132820738288,0,0,0,0,0
"416","416",31.336105436104,705.539274159944,"yes",3.08986713462774,4,2,35.0878318008175,2,57.9571791444751
"417","417",40.949933276701,741.418599945628,"yes",4.01444957771711,33,12,205.298249506953,1,39.4520402878901
"418","418",29.196620744787,679.770068862042,"yes",1.23110981614648,60,24,456.080742368214,3,63.614054475554
"419","419",37.9757657060031,748.100680308899,"yes",3.5169460015161,3,0,0,0,0
"420","420",39.3805643718351,752.396036303195,"yes",10.1566264410336,0,0,0,1,70.0818651527067
"421","421",32.3423090232403,725.73446485997,"yes",13.4530129430436,1,1,20.6008556926881,1,47.1621483638035
"422","422",27.9226624854257,745.221698903361,"yes",41.1131020298462,5,3,59.7090043387789,0,0
"423","423",34.4313472230747,700.434922846115,"yes",5.3161592212744,0,0,0,2,95.6871817759081
"424","424",39.8019213577135,665.525237292114,"no",2.20663901942305,34,10,203.110669476047,2,50.4590555867576
"425","425",31.9923702947668,734.046245152724,"yes",22.3606618963685,1,0,0,0,0
"426","426",26.3921092419198,748.516072424148,"no",16.1513221523717,0,0,0,2,113.6618419812
"427","427",33.7289204402593,709.647964921938,"no",3.79509779416657,1,0,0,3,118.213302239315
"428","428",24.3346800523684,668.717163736569,"yes",26.2990494644608,7,2,44.788622374037,2,59.6231547307665
"429","429",36.9931657091388,752.229305953481,"yes",2.06860263493935,0,0,0,2,77.2220240244604
"430","430",43.4992280259601,792.783488064705,"yes",0.700952249116904,10,3,56.1471322895876,1,22.2343495662953
"431","431",31.7735735820735,691.197593542173,"yes",9.46125021745627,23,9,195.051165434067,1,60.31558350544
"432","432",35.8833686334052,827.537023876782,"yes",0.536575150062197,5,2,45.5334716512901,5,134.111485857846
"433","433",32.5555185123634,671.197195439908,"no",9.35701936109656,10,1,17.8593765595063,1,26.3557698998942
"434","434",29.7911143878706,701.000751469661,"yes",9.74490680352352,34,12,204.513549740605,0,0
"435","435",36.396758290451,762.824156151993,"yes",113.882166728692,74,25,423.372242762412,0,0
"436","436",46.3130585588023,764.464360724324,"yes",74.6851261837556,31,11,210.069436055366,0,0
"437","437",25.1891875247241,626.096888590909,"yes",5.38630284300616,16,7,167.54541342348,0,0
"438","438",37.6255169519306,756.092033299726,"yes",19.4618876306019,0,0,0,0,0
"439","439",32.3648209627142,722.171364251401,"no",19.9093284614796,0,0,0,0,0
"440","440",33.5634830963295,797.85149469402,"yes",8.62703518500166,21,6,106.649033937515,0,0
"441","441",33.9423297161864,693.084907620983,"yes",21.345925756894,61,11,230.465787818422,0,0
"442","442",32.5730493346927,774.622422781874,"yes",59.3080121768326,71,19,403.328506215562,0,0
"443","443",30.8494827670451,710.50307145342,"yes",1.61183303705697,7,1,15.7419449927938,6,186.083120386696
"444","444",36.0020873426788,713.392594973826,"yes",5.44416793403004,5,3,67.9412762085856,0,0
"445","445",31.4360172621127,692.276349479261,"no",1.81260435934334,9,5,93.6877217831871,1,26.763572110693
"446","446",30.5189511080969,780.411341755961,"yes",10.7134988598171,4,0,0,2,84.0283245236194
"447","447",39.3837061457411,709.643369669663,"no",2.11062148519196,2,1,18.5305854985079,2,87.9824214632729
"448","448",35.5115984614011,798.406333136205,"yes",5.84118202249553,0,0,0,0,0
"449","449",35.3847287399087,733.312530983478,"yes",2.79398862966246,27,8,156.959323786057,3,111.365492629455
"450","450",27.7134721936719,731.269087757577,"yes",2.40825239245797,1,0,0,0,0
"451","451",30.973154427392,721.727816482756,"yes",5.76646561513562,0,0,0,2,59.2468856111114
"452","452",39.6292252345912,722.317337639059,"no",6.61618085999914,0,0,0,0,0
"453","453",22.2204045074848,583.184415161239,"yes",6.71662906516733,0,0,0,4,158.421025783547
"454","454",40.9691206332662,825.180211699269,"yes",1.1343015465457,152,40,715.257051041054,2,39.169343715044
"455","455",37.8466146590803,679.422434366307,"yes",16.7429382342604,18,6,102.689167655566,3,244.580046795994
"456","456",38.5029568916161,724.910852845927,"yes",4.97636206477087,1,1,17.7047760090012,0,0
"457","457",33.6225079387856,635.703839729961,"yes",6.29940118659377,3,1,22.0044133140712,2,63.2055801878882
"458","458",38.7262840378885,734.08585864562,"yes",4.90594546352404,0,0,0,1,25.6651041809815
"459","459",35.8356612280328,679.467325054195,"yes",0.503186944487392,0,0,0,6,145.475693733589
"460","460",38.1777138545042,710.289349190097,"yes",18.0717465134235,57,19,363.47516185645,0,0
"461","461",30.0712686176919,693.605927421085,"yes",1.14762528982695,7,0,0,0,0
"462","462",40.8967882553201,713.056860374847,"yes",27.3897565796786,64,16,382.456605819444,1,39.3565627678959
"463","463",31.5902432736387,727.173012915608,"yes",71.1008645736489,38,9,199.035746487376,0,0
"464","464",37.670738234696,665.414500007055,"yes",19.2334555646626,0,0,0,1,17.855489151833
"465","465",33.6234003099222,677.611227657309,"yes",25.0783068275358,43,18,422.132608290016,1,50.1123771248516
"466","466",33.4332915914001,684.324743881262,"yes",4.94521138222202,39,14,277.015105447779,3,122.725736078601
"467","467",35.8684031723952,765.100106927632,"yes",7.84796695245108,14,2,41.8828040439729,0,0
"468","468",28.0747929253644,726.726666559264,"yes",0.465115983162617,179,60,1277.13508086903,4,167.130247828366
"469","469",35.5009444237409,648.617798991999,"yes",6.68499481726952,0,0,0,0,0
"470","470",41.1592609371566,706.540872573395,"yes",5.38627759940876,6,1,16.9100383019465,1,80.2113382114733
"471","471",32.6551241575588,671.291916326914,"yes",17.2399949443111,2,1,23.5411525259655,1,44.9727086432084
"472","472",44.7277259456234,842.755383729605,"yes",14.467327197304,6,2,46.223539591903,1,32.2700537934873
"473","473",30.7902751886895,689.886715263436,"yes",8.54202607436189,54,19,355.946494944701,0,0
"474","474",35.8018294586755,657.861795621211,"yes",5.61658484022546,18,4,80.6206726555519,1,22.0431652049153
"475","475",26.1508554396526,733.921414629118,"yes",5.8532077114643,261,87,1750.16717231825,0,0
"476","476",33.5814104887811,808.990743678201,"no",7.95316706226606,94,25,521.549453979093,0,0
"477","477",32.0064522894201,803.066336750191,"yes",6.12994251959248,38,12,235.695211089844,1,45.9728711822854
"478","478",36.9694069903891,566.531987358723,"no",8.29231975740635,0,0,0,2,50.038132033945
"479","479",31.8107739593125,682.998684371408,"yes",55.6791984680928,14,3,73.1257174087889,1,22.3606611810277
"480","480",35.0812954663694,693.429941959487,"no",2.93570199066531,10,6,110.063142154912,2,32.1142291287409
"481","481",37.3784188639293,771.425804381439,"yes",35.804520004842,3,2,36.8569399524173,1,12.0397679934509
"482","482",35.395586991566,725.028356331956,"no",3.87349939687596,0,0,0,3,123.020269511316
"483","483",30.9017373952724,753.381955236303,"yes",4.77579249537592,22,9,175.262784193483,1,32.5470806434927
"484","484",38.5775467192014,713.896814463482,"no",5.44843747820525,8,1,19.9333668659443,2,42.9229990768842
"485","485",23.6481225944098,698.725086744718,"yes",4.99935095363734,50,21,404.766018788948,0,0
"486","486",39.0796749521313,691.512349871753,"yes",19.1705253050611,0,0,0,2,50.9642181696021
"487","487",40.8116189666803,762.439524885572,"no",14.4043014689647,1,0,0,0,0
"488","488",41.1299071928191,733.987162835148,"yes",1.84052365054512,0,0,0,4,192.126858420752
"489","489",41.4715522419551,762.987944568928,"yes",9.86890263087178,25,8,169.698961281318,0,0
"490","490",31.5767244437735,656.855415784694,"yes",2.29019001506641,135,38,746.600395907905,2,40.8455195572712
"491","491",33.8334954930791,728.073212222659,"yes",3.8605913048587,2,0,0,4,192.115075252888
"492","492",31.7648450022758,737.666956443232,"yes",6.06795636475088,0,0,0,1,23.7502211797635
"493","493",25.0175218717543,769.793791040947,"no",6.20810128925661,0,0,0,0,0
"494","494",41.0822716644345,720.782252990848,"no",2.67815293800962,13,6,125.993768893984,1,49.7139635234953
"495","495",47.1601358844565,863.198393578393,"no",15.028180758186,3,2,40.3248599104398,0,0
"496","496",30.2355117016451,827.874203224209,"yes",7.68763714351976,0,0,0,3,71.2364495057575
"497","497",37.2177450999281,741.170405780664,"yes",11.9196203064665,0,0,0,0,0
"498","498",30.9760984902082,647.654745404701,"no",1.63826533370169,6,1,20.1161572382386,2,51.9975521347328
"499","499",36.9863579482091,828.753912180617,"yes",9.50731411961614,5,3,64.5248088938866,1,29.0106584056512
"500","500",32.7657827626702,706.637774133723,"yes",21.5640414966131,0,0,0,1,43.5507605566839
"501","501",44.7441701569787,784.765846297509,"yes",33.1618665318653,3,1,18.7762777292924,1,28.1208260192038
"502","502",34.1245905454919,793.168528888979,"yes",13.2490391178388,0,0,0,1,48.4907218504078
"503","503",31.5659913807255,740.014090904744,"yes",4.15568377327147,0,0,0,3,107.679753054052
"504","504",38.4109471647382,779.694376401837,"yes",9.5115146581293,12,3,58.6180124723837,0,0
"505","505",35.0966013003727,773.067997659557,"yes",4.62338941374468,16,5,114.733493020231,1,43.3039192671208
"506","506",28.9476113549741,720.184035130554,"yes",50.2836938037039,1,0,0,1,27.5201605574231
"507","507",29.3087639139696,623.13854783066,"yes",21.380173641799,2,0,0,0,0
"508","508",33.854494788752,656.259846677668,"yes",7.06608098084492,70,17,315.064690956347,2,63.6296670239003
"509","509",33.2051423641394,612.341451791015,"yes",6.55500371602028,0,0,0,2,43.0816290250678
"510","510",31.9640917416927,721.72811735219,"no",1.54177522464561,4,1,23.4118694360186,6,152.842266300893
"511","511",37.6279916289045,739.879968171368,"yes",3.67294377115044,0,0,0,0,0
"512","512",35.3443740852531,732.683028646187,"yes",1.09760312105569,0,0,0,0,0
"513","513",32.5918947097058,631.875519752584,"yes",5.66320653642997,5,2,36.7073405314769,1,22.0844886343145
"514","514",34.8058648715088,779.172632213884,"yes",9.03454215649742,5,3,53.9097026519747,2,61.8744927447208
"515","515",32.6824305310725,714.530986395876,"yes",8.91489515180118,129,37,718.980493416445,1,39.6937835681669
"516","516",29.3083874518907,686.239792144439,"yes",2.02835022782994,11,1,18.8663369891663,2,47.6501012584241
"517","517",36.80923835465,705.700084426502,"yes",27.3307843350651,0,0,0,1,32.3333698431662
"518","518",44.4049018205566,779.5384787587,"yes",42.0459449594079,88,22,466.062401796035,0,0
"519","519",34.9513077302045,656.751926338956,"yes",0.605727111991124,4,2,45.0041046477975,0,0
"520","520",31.1163206669079,728.221965066226,"yes",8.4829684210762,13,1,17.6261936655229,0,0
"521","521",38.4536897179376,880.71780265603,"no",2.05607808962434,1,0,0,3,97.1686360364969
"522","522",28.9398902474259,752.872197849356,"yes",217.105842077537,67,18,336.18696336154,0,0
"523","523",37.6495359972166,729.552269708601,"no",4.61372610299792,35,9,203.256055309125,2,47.2902902958389
"524","524",33.7068476285149,771.452407088954,"no",4.03383574205952,12,1,20.773748862581,4,84.1030896280274
"525","525",43.6836610225047,769.045906186076,"yes",32.5146260441397,0,0,0,0,0
"526","526",40.83909952086,718.133751100447,"no",10.842293597096,0,0,0,0,0
"527","527",31.75462843605,752.797133133174,"yes",37.3193227038261,0,0,0,0,0
"528","528",28.9848709873183,763.537413022813,"yes",2.46867761625291,72,26,567.692038008499,6,163.878912438809
"529","529",34.5523746139299,759.63491445539,"yes",5.75762029456777,1,0,0,2,76.088021186429
"530","530",29.4827166461618,722.644878122482,"yes",28.2902672310291,2,0,0,1,18.0776649237704
"531","531",35.0195368244185,828.31798465832,"yes",2.66029690470671,119,36,742.109699803231,5,169.673926672997
"532","532",33.968914482996,709.206384505084,"no",5.99581750671463,19,4,73.7068198491356,0,0
"533","533",37.2537140366948,812.421096997302,"yes",12.6456213313908,0,0,0,1,42.0611178381356
"534","534",33.6757311225844,674.907990459628,"no",0.275438873886899,38,18,341.017379507288,16,631.452691017566
"535","535",37.028776021097,708.974761451396,"no",19.6518896844532,0,0,0,1,19.3162547491853
"536","536",34.1037323941484,848.197653328471,"yes",5.8918983606058,0,0,0,1,60.1002551497461
"537","537",39.8787991487866,759.838139802191,"yes",10.7451806539461,145,50,971.476994221753,0,0
"538","538",35.2755045145464,743.098068532417,"yes",6.40789748344296,0,0,0,1,44.5799918498228
"539","539",34.844031671692,740.809468859968,"yes",17.9517119819372,47,8,173.894806528016,0,0
"540","540",32.7799469570987,715.434961001511,"no",1.48641077500952,0,0,0,2,76.7010727741444
"541","541",30.1972791937511,659.419642791213,"yes",4.89338416393525,2,0,0,1,32.8872574945935
"542","542",28.3670270734277,671.455729063734,"yes",47.1819106354397,0,0,0,0,0
"543","543",33.8029614173151,780.378463307018,"yes",13.2840383849055,114,34,767.993481327429,1,59.5227760134867
"544","544",43.880121441004,733.78360751983,"no",63.4677932491923,1,0,0,1,48.251844376594
"545","545",42.0759931881597,756.191850619089,"no",2.88011339052626,8,1,20.931133758713,1,35.9285048363142
"546","546",42.262196010592,709.910448297865,"yes",72.0722191626748,8,3,74.2432289949768,0,0
"547","547",32.7454886362192,810.618242546092,"yes",1.71291998777778,2,0,0,2,58.9405659077566
"548","548",38.1730247008166,774.905130821778,"yes",1.51028532607941,199,56,940.413042898223,0,0
"549","549",34.4834732897998,768.887175933157,"yes",3.86974021035836,0,0,0,1,60.1670563309275
"550","550",29.5885552554632,777.782590196379,"no",1.17771383600937,1,0,0,5,215.551552890357
"551","551",37.6910509354378,783.54051392619,"yes",14.9758256643326,35,7,146.542742223751,1,54.4175239724725
"552","552",31.3980159241668,704.201079034314,"yes",2.93597629564364,9,5,102.856817156257,0,0
"553","553",34.5119763761622,678.190288238638,"yes",8.25125667669698,3,0,0,0,0
"554","554",28.6246033194232,640.703847473866,"yes",3.70526526941601,0,0,0,1,24.2404647141096
"555","555",31.6383101247201,680.340797291394,"yes",6.32508065961402,39,14,258.089681494523,1,26.6789692967478
"556","556",35.7413597492942,799.920853976599,"yes",5.46235046664768,1,1,16.0091647083469,1,22.5641038220717
"557","557",45.2328516753364,794.617752139169,"yes",16.5800134716021,0,0,0,2,49.6607162151752
"558","558",30.1985784734595,761.047596200353,"yes",3.37734543933216,0,0,0,1,39.1365728034947
"559","559",33.0395916179449,735.009719395179,"yes",1.59922322709384,0,0,0,5,93.7784045400314
"560","560",33.0723010577533,683.947821066954,"no",10.8818082960629,0,0,0,0,0
"561","561",31.4829778009403,726.956800041478,"yes",12.8490417971997,105,35,779.78374342211,1,20.3726200029035
"562","562",35.2295969856244,790.635031447106,"yes",10.4843469488193,0,0,0,0,0
"563","563",36.7230379597696,688.400389954838,"yes",6.45751630933119,92,27,495.874197182744,3,75.0829319965838
"564","564",42.6171832635604,730.827820731006,"no",17.1749423501871,5,3,52.4244706148083,2,57.0126072164521
"565","565",26.2395595880581,705.714764448137,"yes",8.82023071777228,15,7,135.715813708862,1,31.505869551655
"566","566",30.5020767628751,704.127713638212,"yes",0.828872912153901,1,0,0,5,254.242141216656
"567","567",33.6950200317144,802.008135389927,"yes",84.817258586698,46,13,232.574734493878,2,34.2520121100151
"568","568",36.1958160705759,785.349076727786,"yes",6.15245589784948,3,0,0,3,81.7847538061465
"569","569",35.8808928521926,826.134038546777,"no",25.3212559056947,0,0,0,0,0
"570","570",38.2724576241361,665.719450398852,"yes",7.39635452062294,0,0,0,0,0
"571","571",31.192507731947,743.033633129891,"yes",0.703265114723261,86,31,563.95785232302,2,83.7049986094408
"572","572",20.7003818841639,695.222118820172,"yes",4.01432202447408,0,0,0,2,88.9767035944899
"573","573",36.5902339767842,709.630849619432,"yes",4.05405132625495,114,32,593.76118110675,1,38.5814293575927
"574","574",43.3751300145411,821.689536584237,"yes",26.8352196636736,41,11,223.685031467456,2,91.4754655417945
"575","575",39.3243610548537,736.424523276122,"yes",7.26130135508326,44,9,223.161052239969,2,160.068057556262
"576","576",34.2348503542033,738.381948544867,"no",6.89684110397629,19,7,141.799357088821,1,29.5727144180096
"577","577",25.2661550978651,685.178622223113,"yes",3.84322872637575,10,0,0,3,165.220391790534
"578","578",29.2194233253532,791.664654782812,"yes",5.18447164413617,1,1,16.7145126418756,1,48.8163583549494
"579","579",37.8393380569458,825.425688123923,"yes",2.91604741628296,4,1,18.760110302671,1,33.6526455199459
"580","580",36.5454373347264,727.612467045025,"yes",3.20522898351442,1,1,26.1747270195797,0,0
"581","581",46.5390226739209,776.686432227531,"yes",115.739698924587,46,15,314.549772956427,0,0
"582","582",31.688763836108,702.671014392742,"yes",2.29299917324709,15,4,85.8233903558609,2,61.2808933597062
"583","583",34.3694715045854,785.917993916334,"yes",3.80564785521769,5,0,0,1,15.0298391363379
"584","584",33.5817499492698,681.827691296716,"yes",30.6922144324434,62,16,338.172254514745,1,43.239141650681
"585","585",33.6274689615079,658.612243004968,"yes",36.5198409849626,59,22,465.606627081371,0,0
"586","586",36.1497824148109,727.680460989771,"yes",5.95981103177409,69,21,390.43126268442,0,0
"587","587",35.7671187627729,756.868704526092,"yes",13.8398978641552,0,0,0,0,0
"588","588",35.0031884667842,735.589015490027,"yes",3.04861907962757,0,0,0,0,0
"589","589",27.9744632419498,686.635767481766,"yes",3.71255003441755,2,2,33.0627990089756,1,43.8161541577189
"590","590",33.5719898589832,701.615668594202,"yes",15.7164911179002,1,0,0,2,112.453968439959
"591","591",40.4577439543884,718.608094853732,"yes",22.3702422781813,4,1,19.8432791458415,0,0
"592","592",38.8611028236424,777.295273922161,"no",138.241852653998,26,9,190.170796145879,0,0
"593","593",38.4683789294676,740.31399876911,"yes",10.6393110513116,149,49,1108.53739593327,1,50.7345960086626
"594","594",31.7561703249885,795.420865326141,"yes",1.14450371747588,0,0,0,1,35.7666300855634
"595","595",38.1677225328902,772.098822539738,"yes",8.97627743914706,12,2,32.7671913128535,1,33.4985050885432
"596","596",31.1508526704269,692.535414852257,"yes",9.46129968555815,47,15,270.475057945596,0,0
"597","597",37.2853903728357,739.543770254764,"yes",0.400704383539021,0,0,0,3,202.616380892802
"598","598",38.77592255126,760.423081379509,"yes",7.14548667832503,2,2,39.9396967558556,0,0
"599","599",34.7838970490861,812.126823890127,"yes",13.7504205039773,0,0,0,1,18.7071655034244
"600","600",35.8085859588601,804.606072014203,"yes",25.8368698392308,6,2,42.0072667065999,0,0
"601","601",33.1307995007881,809.572946011573,"yes",7.53918954021075,4,1,18.7684939490138,0,0
"602","602",31.3920840322299,681.458781775359,"yes",34.8739776056192,44,17,286.44110644386,1,41.200595264628
"603","603",25.1847119815116,772.123985910721,"no",12.7526181585286,91,21,448.295240815875,1,35.2705748227822
"604","604",33.8733989623824,727.467091792637,"yes",2.25307899923663,1,0,0,0,0
"605","605",33.4290243586302,657.734282217865,"no",3.1698777360488,47,14,280.225416633081,1,22.2696643461123
"606","606",32.7295918296911,762.866642119256,"yes",5.22652652466903,0,0,0,2,63.925639502336
"607","607",37.9481194593145,709.602792628431,"yes",4.34312511660982,0,0,0,4,119.066030677851
"608","608",35.8237053663152,787.327287838281,"yes",15.0526799436143,0,0,0,1,30.0067890333523
"609","609",42.2994243666439,640.735200196558,"yes",7.48462449386927,0,0,0,3,114.697567388871
"610","610",35.179417983544,716.830290052567,"yes",15.0552619659918,1,0,0,0,0
"611","611",39.111560940068,695.707255877114,"yes",27.6668762677424,0,0,0,2,82.6701133400346
"612","612",44.8700566665136,728.704698242839,"yes",11.7703786697691,10,0,0,1,36.8992533236632
"613","613",35.2765956888533,804.871558136481,"yes",3.35937099361705,0,0,0,0,0
"614","614",34.3892333164028,771.220078349657,"yes",67.3204070886038,21,5,101.777738905432,0,0
"615","615",28.0129395886787,773.107817972925,"yes",1.85776814376897,0,0,0,4,112.709365508949
"616","616",36.1608095730782,674.275146941984,"yes",8.16171853940516,7,3,59.0075967236417,0,0
"617","617",27.3924271260345,638.235974562926,"yes",7.35700119069766,16,7,122.701464914222,2,76.569009871198
"618","618",34.7708442425652,708.777708493668,"yes",14.1924064946863,0,0,0,3,139.199830197621
"619","619",38.1554096347698,654.586227443081,"yes",17.1841245646694,37,8,165.044544480424,0,0
"620","620",29.2746693321422,704.973478975544,"yes",9.10758690399507,0,0,0,1,31.496645986195
"621","621",29.6460653975413,795.707280679075,"yes",55.2850085367253,0,0,0,1,58.6003077592408
"622","622",39.6070462693864,781.513820280194,"no",2.20249910597748,1,0,0,0,0
"623","623",22.9941569411006,704.644209999903,"no",9.80724300732245,0,0,0,1,40.6971494395246
"624","624",36.1505041279636,687.628296009057,"yes",1.14935122320671,7,2,34.3320738701723,7,236.724942693898
"625","625",23.633369702868,701.006511366899,"yes",11.056475631437,7,4,73.7852607838717,0,0
"626","626",37.017056532656,802.997001059887,"yes",81.0058719740715,0,0,0,0,0
"627","627",42.8402530964412,785.125198360728,"yes",10.3162909864761,124,30,588.906878130753,1,35.1519727361296
"628","628",24.6961622294869,674.129347677472,"yes",0.522765745044504,28,6,106.509933362866,3,95.8442969954286
"629","629",38.5710377116055,814.250624475458,"yes",54.6241361332112,5,1,18.0958017051038,1,52.6179477865502
"630","630",41.066246996312,756.359466742517,"yes",3.76146524653615,0,0,0,2,48.2642559567092
"631","631",37.0932275969385,595.957287323832,"yes",63.9789267171841,71,18,389.72647080355,0,0
"632","632",34.6610253430514,766.788416687209,"no",14.4716934444025,56,20,408.001289043416,1,24.3272837573781
"633","633",44.9002626165477,816.452461471945,"yes",36.4707808490997,37,10,187.544156024843,0,0
"634","634",26.2732465259447,612.801885063056,"yes",22.7229317682284,8,2,38.7904351971159,2,67.2038786937117
"635","635",38.4936894472757,676.685844605543,"no",9.63733813549342,21,8,134.426590593986,1,37.8128860637876
"636","636",36.3851699600237,723.157226182366,"yes",23.8955645817397,0,0,0,1,46.2224964120658
"637","637",38.3830912342941,716.552106335472,"yes",6.57765733425872,5,2,39.5398941522093,1,44.7363549120087
"638","638",43.2788767805858,793.122141234675,"yes",22.9538930332547,10,4,76.7351289878324,1,31.5991968978317
"639","639",32.6806726289347,734.231929142232,"yes",3.05284666583194,1,0,0,2,81.7415727107216
"640","640",33.8198183629144,728.58533681808,"yes",4.34224592443973,9,3,63.3027859092665,1,72.9180364691537
"641","641",30.8706900239646,740.249702957949,"no",34.8644302015962,181,60,1212.53171523037,0,0
"642","642",33.0355827042243,746.938362267938,"yes",5.56930126475594,52,14,270.719564749594,1,37.3834418061335
"643","643",39.2215833971123,747.104833373642,"yes",15.3934079667642,11,3,58.5831991871263,0,0
"644","644",29.4500220738166,729.677982505996,"yes",21.6778862774023,2,1,21.5051120364393,0,0
"645","645",31.0113517282042,719.134774041684,"yes",2.38904795651211,4,1,20.8781182143096,3,83.9336112332676
"646","646",42.5489974432605,799.03679277516,"yes",1.79258290479735,0,0,0,1,20.62392711684
"647","647",37.8711216524505,678.963328036733,"no",7.28477323276302,32,9,175.635319575583,1,19.1099767004305
"648","648",39.8191517323919,770.181992421893,"yes",62.6237513952329,4,0,0,0,0
"649","649",42.5644862025422,718.810488809727,"yes",5.55737101668325,35,11,243.235810164401,1,52.2579146851518
"650","650",39.6465822949201,748.648410155499,"no",5.36686625732621,3,0,0,0,0
"651","651",34.8302151998937,661.587464985237,"yes",1.48142599570404,48,13,232.009038441527,2,94.5758544635272
"652","652",28.4601339176571,777.498208553379,"no",6.87492844804127,2,1,23.3581966488792,2,87.5294245525759
"653","653",30.3479928489323,695.238003394234,"yes",5.68374825313887,3,1,20.0092964276206,7,261.257847188869
"654","654",31.5662901149656,663.103468994647,"yes",4.30854190387848,8,1,22.7189914953926,2,102.211550059071
"655","655",36.3184364568572,673.265265039509,"yes",53.4126480088064,0,0,0,0,0
"656","656",36.5012812603634,710.053866884,"yes",10.2469454702219,16,6,131.280331944172,1,22.3117320917266
"657","657",41.673935342915,786.163970869195,"yes",11.9699825874354,191,56,881.026088120133,2,73.5825547246279
"658","658",38.7833966901432,731.563625853356,"yes",0.502917972158049,126,39,763.250064797537,9,319.847138015668
"659","659",30.8482113110849,687.727159767942,"yes",1.0689871196758,16,3,58.073114189243,1,48.5416588672104
"660","660",42.4559533727871,792.847567825101,"yes",8.27634817150764,35,16,320.451637936283,1,23.1852016429415
"661","661",32.2856025986547,735.481189230767,"yes",55.3789296769591,1,0,0,3,157.374792226184
"662","662",36.4070477416726,747.801899530603,"yes",36.3664049254807,8,2,46.5661205563794,0,0
"663","663",41.0266382206235,664.349007226718,"yes",4.8174093588258,6,3,51.1035201981215,0,0
"664","664",35.1324785362715,789.443403481999,"no",3.66717908673453,0,0,0,0,0
"665","665",39.7124310097696,704.448774543377,"yes",12.6527713689876,0,0,0,0,0
"666","666",43.0610451593431,738.865798468649,"yes",4.46327745634536,5,1,20.0172548170118,1,33.4608271276013
"667","667",43.4106220063134,872.489642353302,"yes",4.41323259177116,3,1,19.2691656208908,2,84.5566443212634
"668","668",28.1901844503118,710.435416978816,"no",58.8510879957015,0,0,0,0,0
"669","669",35.8960649279225,680.366241494241,"yes",15.3012986032683,132,45,973.149665304817,0,0
"670","670",36.4924545582856,746.471696349668,"yes",13.7667218327708,11,5,95.7612513711044,0,0
"671","671",33.2580005870284,805.986950750193,"no",1.16817595260609,1,0,0,5,136.721939804974
"672","672",38.7567366135148,819.717980703708,"no",6.55136723816296,0,0,0,1,42.2909036415423
"673","673",34.6803703306073,685.289323536205,"yes",10.1718777107853,114,30,579.93804606455,0,0
"674","674",35.0019728889035,704.163091484523,"yes",1.67508315986715,45,10,194.355439539984,1,34.6242954237894
"675","675",28.4976140580622,754.910690256477,"yes",7.0830711288244,27,9,199.824082145577,0,0
"676","676",29.0021236464951,798.90242474744,"yes",11.2348405582919,0,0,0,3,93.7162356618596
"677","677",28.0244117136321,765.263331315498,"yes",53.6794680729528,0,0,0,0,0
"678","678",32.6091132186271,687.005604901788,"yes",8.7073214911794,0,0,0,1,16.755200295375
"679","679",27.0883338378969,630.844105024182,"yes",0.604187481048227,10,4,85.6474683240441,1,48.6495310182008
"680","680",35.1955278651319,713.402390864687,"yes",8.07075592946318,8,3,50.6896601081802,0,0
"681","681",37.8657553622506,641.816091268097,"no",47.7166757830336,44,10,213.119270566378,0,0
"682","682",27.8202569012704,672.196255872408,"no",4.38409306206326,14,5,115.048578536458,5,229.157095716928
"683","683",44.4843022308814,801.009307794447,"yes",1.47054469398984,12,3,59.9944921484624,2,127.958003234957
"684","684",27.9986597056145,678.86290621063,"yes",40.792347518367,0,0,0,1,38.0081851871099
"685","685",36.6769192138691,755.743390373688,"yes",30.31578866123,21,4,85.7046952922611,1,36.9754881481977
"686","686",49.2590148513882,748.69962649666,"yes",1.96669448006061,28,9,183.255835106078,0,0
"687","687",32.86001027097,753.302569077657,"yes",2.10088373694171,17,5,86.6571846026109,0,0
"688","688",34.6270920149468,785.724695455972,"yes",9.98540178391666,93,31,529.207810355294,1,55.6766690368676
"689","689",27.9720538099897,678.86889556842,"yes",13.1583513416029,14,7,154.644210545734,0,0
"690","690",38.0835918563653,684.65793484854,"yes",1.96857803124598,138,43,1032.31896060568,1,31.0109716796158
"691","691",24.9619147260029,775.148510524123,"yes",0.372339653065624,37,7,129.973218142199,4,182.662782542119
"692","692",38.4549988826964,811.822736596183,"yes",1.54091557706907,14,3,58.3116921933784,1,20.7069335000267
"693","693",32.4428250156936,761.54329907647,"yes",13.4007134970981,24,4,88.3844139702009,0,0
"694","694",32.6089302499635,805.537782642949,"yes",1.5274669848891,5,1,19.4769056513966,4,186.827217727343
"695","695",39.6669639850782,676.788005967066,"yes",6.43697305203656,0,0,0,1,40.5916507775915
"696","696",35.3120180478704,780.874808281872,"yes",4.37907603407597,61,17,348.746852542273,1,29.3184995878533
"697","697",37.1690703018297,791.670366884586,"yes",2.22890202935645,42,16,358.326332957349,1,44.7505346436956
"698","698",36.4933921702775,692.730393961315,"no",8.4698612336139,1,0,0,1,28.6505634662395
"699","699",34.8016404360404,727.484586783752,"no",31.4722805384619,0,0,0,3,122.143165746654
"700","700",34.2967797022505,771.471589220502,"yes",4.43671636829752,0,0,0,1,53.345979274802
"701","701",41.1313053277856,782.00856789958,"yes",9.26347020851346,90,32,625.127789049381,1,41.1402690155934
"702","702",36.8013596800538,761.732769253173,"yes",4.10340911200278,9,4,79.448538465544,0,0
"703","703",36.3275506225429,720.061807836103,"yes",18.9447202579349,36,10,208.888670803705,1,22.2896622898275
"704","704",28.7271370827931,772.633600708295,"yes",2.90684980077845,96,26,465.503533137152,2,33.3458628498613
"705","705",30.9699583885738,647.913745581103,"yes",4.35839880297495,1,0,0,0,0
"706","706",29.3456553877542,700.662657053374,"yes",2.32444475036687,82,22,371.117252229632,2,45.3087355101317
"707","707",37.8777271629677,772.204924071428,"yes",7.06838051880373,20,5,94.4335322030366,0,0
"708","708",35.5469851542454,795.540573644666,"yes",2.60590273643049,11,4,77.8961077318769,5,190.351952358942
"709","709",31.5420625267448,661.728651891065,"yes",14.2880813544531,71,26,590.210749834036,2,53.3721862204213
"710","710",36.9104556634225,728.201838454145,"yes",25.1325102988165,2,2,37.0788296426568,1,29.0775078862474
"711","711",35.8987331766899,718.605813441501,"yes",8.4786404215827,24,8,168.936246795061,0,0
"712","712",35.9865698957649,767.423064485367,"no",51.2095564701385,47,18,407.21261534545,1,43.6046115683289
"713","713",34.1321568907095,686.921418084413,"yes",117.758024260819,28,8,188.610981649838,0,0
"714","714",26.8393294616744,776.654723744072,"no",4.41089958927443,93,21,433.848603253305,1,61.2526790782399
"715","715",31.7096589141809,630.308848083344,"yes",23.7730034179112,14,4,85.3454840465484,3,65.2507999685018
"716","716",36.1838871200732,744.991589201629,"yes",1.43479469333901,0,0,0,1,33.3811218871441
"717","717",40.4475217486497,711.980249786381,"yes",4.57269041392434,0,0,0,3,77.7096007676071
"718","718",28.2874198845289,717.964111858436,"no",20.2185775676856,4,1,25.1973252729251,0,0
"719","719",40.9877716187677,717.940722436757,"no",0.857189802401129,47,18,298.255027685826,5,110.73484853828
"720","720",39.8494335018172,744.498197954208,"yes",2.5841416804344,3,1,23.731042660642,0,0
"721","721",32.593480688325,749.303839367752,"yes",3.11373469991026,2,2,41.5250717528416,1,62.5123475348891
"722","722",32.5127219784919,698.077387765218,"yes",10.4336950896736,45,17,398.8521167002,1,38.1012095721316
"723","723",38.9074957491258,753.934589662362,"no",0.803309783628812,0,0,0,5,182.267460827265
"724","724",29.6988470261314,683.045211091736,"no",7.60125949144456,24,8,173.976525326384,1,28.5264188508849
"725","725",33.9937954531519,665.449953072688,"yes",2.75324700274238,0,0,0,3,60.200294182023
"726","726",35.1800971363941,708.132961654413,"yes",3.53205438480261,3,1,18.8371227185188,4,108.56225587271
"727","727",31.8203735717987,712.360090083696,"yes",31.7214705349337,11,2,38.0221114408678,2,108.815103709358
"728","728",34.6276882583974,735.853956779177,"yes",14.5177146485683,1,1,19.5079795225894,0,0
"729","729",45.3698558391457,654.821774357741,"yes",7.78042455950932,0,0,0,1,50.7053863813272
"730","730",32.1814103322966,717.744105590492,"yes",3.89081097458604,34,6,131.593994396137,1,31.0101816349902
"731","731",43.2993547111957,753.128645987133,"no",28.0255922570079,0,0,0,2,57.1309711463797
"732","732",35.4487696032999,622.166116574773,"no",8.37376321589196,16,5,97.709178028594,0,0
"733","733",35.2171307958281,787.499732204924,"no",24.2292067072549,3,1,20.7194855953968,1,30.3946382217688
"734","734",38.3530814286945,721.655327915503,"yes",15.5190217830608,0,0,0,0,0
"735","735",34.9865808397393,682.430535930176,"yes",7.28332014794521,112,36,813.994572205207,0,0
"736","736",30.6892109635864,789.720045116808,"yes",8.65759016505223,0,0,0,1,46.0692208767453
"737","737",40.0075482515423,818.342140193568,"yes",12.9499948635584,4,1,20.5611062869085,0,0
"738","738",34.3071854665319,685.163464496718,"yes",3.58988316288444,0,0,0,1,30.7812401550596
"739","739",39.8497907507263,746.888085743361,"yes",11.8813682593449,0,0,0,1,44.8200476724473
"740","740",41.2680749686538,704.590909659336,"yes",1.44387766358496,69,20,377.316020207082,4,140.3918599267
"741","741",33.819758761165,687.546348108737,"yes",27.7890296775313,44,9,217.157343146238,0,0
"742","742",44.1475323324603,849.161972777531,"no",7.29901117101644,0,0,0,2,83.1679723164543
"743","743",36.8113050452934,747.977667735434,"yes",13.0691446390752,0,0,0,3,160.037969259558
"744","744",30.5059599208046,796.674861672915,"yes",24.4371070250498,12,4,69.784186812862,0,0
"745","745",36.7819519567722,661.463628071155,"yes",13.2749616049582,27,9,150.967481688687,1,24.9146961072327
"746","746",38.2752788084793,776.81056164076,"no",2.65136767852765,0,0,0,2,49.1558371332653
"747","747",44.8991077108105,770.104098491093,"yes",33.7448631512379,7,2,42.1561973538573,1,33.4980913217065
"748","748",36.2254122920209,729.373737658417,"yes",13.6338887880045,0,0,0,0,0
"749","749",31.8736038029185,651.422954098903,"yes",8.08591456130356,0,0,0,1,73.3832653338698
"750","750",37.1539649459006,707.226312135355,"yes",1.84173094490025,1,0,0,5,191.914717889078
"751","751",45.8849416142364,758.270895152415,"yes",0.891645180824149,0,0,0,14,589.466519170892
"752","752",29.4387756612317,742.01487574471,"no",39.4405928236429,4,2,40.0103247992849,0,0
"753","753",40.9919561135637,752.039786187654,"yes",1.8843635165087,1,0,0,6,362.447998406753
"754","754",34.59601575171,793.721301669744,"yes",10.6979210198687,0,0,0,1,28.570200658719
"755","755",32.9385617219952,656.438497137349,"yes",49.9928548843916,11,6,96.8141695851517,0,0
"756","756",39.9737904951274,730.364246623563,"yes",54.1538228145512,30,7,126.26146513188,0,0
"757","757",41.6526015143362,735.733829696449,"yes",2.32713582105456,26,7,136.475878024669,2,55.9020053044858
"758","758",35.0482303500309,693.489748533221,"no",4.99996293579671,1,1,16.6251577653109,0,0
"759","759",41.770836687798,685.191018189455,"yes",2.5995269154688,0,0,0,1,20.8385794737251
"760","760",32.8482152931983,709.838600883394,"yes",4.27599060712437,302,97,2029.50065877896,3,91.7258317737803
"761","761",35.6741722647491,663.22299314686,"yes",4.54907559275795,5,3,50.5887256066332,0,0
"762","762",30.7886101911351,698.47040066117,"no",24.0982414612614,4,1,18.4882011760662,0,0
"763","763",39.1496860411054,729.609445085268,"yes",0.478761517572972,139,47,1107.69684363867,4,110.883374491432
"764","764",46.1245928843891,779.54691273961,"yes",17.3318946152889,19,5,93.937939046907,0,0
"765","765",37.6368585802817,684.340017618418,"yes",68.2232941311051,0,0,0,0,0
"766","766",33.2355519463497,761.795211650078,"no",27.3351971612032,6,2,38.1658386494059,1,27.1611128328605
"767","767",39.4324985181918,818.644499628449,"yes",8.71106040973863,86,23,486.76282407073,1,43.8681293931962
"768","768",38.6179097516829,733.677745649169,"no",21.0915417013305,3,1,19.1040858861206,2,70.9208624044377
"769","769",36.6660499029847,745.56684690558,"no",8.90678432308915,0,0,0,0,0
"770","770",31.4769246551006,739.753122369206,"yes",38.2993127655836,61,15,287.013427390247,1,61.0865338182939
"771","771",39.3481711136451,805.311268365439,"no",55.5395931888555,0,0,0,0,0
"772","772",35.8656348055282,650.246605859506,"yes",0.467493253266152,1,0,0,6,234.295267408652
"773","773",31.2194387292013,637.011640776402,"yes",54.619941080005,0,0,0,1,36.3266960438071
"774","774",31.4929203962624,701.903212250742,"yes",13.3585103755071,0,0,0,0,0
"775","775",35.3723862654402,755.950589670208,"yes",12.1111085371026,4,1,16.8197375815588,1,16.1452003455533
"776","776",23.8947299846827,687.016286166709,"no",25.2835189043388,3,0,0,1,37.6964098876095
"777","777",34.7715174100488,659.831921450143,"yes",1.34232735435405,0,0,0,6,190.736454756715
"778","778",34.2692550580481,688.005605213097,"yes",32.9540192892542,0,0,0,0,0
"779","779",35.2740918437922,793.096102718194,"no",2.71540942777779,0,0,0,2,137.426925664132
"780","780",37.6637417195214,769.050339360427,"yes",30.2906080108783,10,4,82.3930131783749,1,36.3561126115087
"781","781",37.6194185023411,693.606998843213,"yes",8.05159617391567,20,7,149.460886423593,0,0
"782","782",42.2442421589126,786.189229561264,"yes",4.76698092050056,0,0,0,3,56.4320534704808
"783","783",35.863585269528,735.539265908648,"no",18.5756469750984,12,2,44.7101718313256,1,50.5811503569224
"784","784",36.2754448075361,751.305472945788,"no",6.54748334980146,0,0,0,3,95.4363949187821
"785","785",30.6365151656812,824.341215788562,"yes",5.42351117969517,17,5,119.431573380388,1,35.8744011248022
"786","786",35.9372311315653,769.089153978056,"yes",7.67090478927719,47,19,360.416636895947,3,87.497735145539
"787","787",38.4112365092145,743.488838581499,"yes",8.97133548790323,0,0,0,0,0
"788","788",43.5939061435721,747.098400050373,"yes",12.3998502668803,4,0,0,0,0
"789","789",45.5837389348675,810.167527887774,"yes",3.19397340603129,5,2,43.3800967309052,0,0
"790","790",37.4436355295798,767.842734924525,"no",3.2420734406106,55,18,389.161299960561,1,29.2840643190872
"791","791",27.8215740094748,648.636069391633,"yes",27.7319597278768,1,0,0,0,0
"792","792",34.9838088911252,730.749049731511,"yes",5.70037425344297,3,1,21.9869817106928,2,78.1821775840237
"793","793",45.2812390495853,723.707060099836,"yes",10.4053417795625,0,0,0,4,212.414890739382
"794","794",32.9687969787505,696.678646002302,"yes",6.09568384225337,1,0,0,1,39.5585835443477
"795","795",37.9543367527449,776.512828978982,"yes",73.6909576439427,116,36,744.043776916658,0,0
"796","796",37.1994037142611,642.419597200669,"yes",12.8030290319624,1,0,0,2,56.8420722600916
"797","797",35.0198514868126,727.301893501929,"no",2.38973409427072,2,1,20.1009696379387,3,121.814179357627
"798","798",21.2422102915075,677.864921142174,"yes",6.96124443305478,1,0,0,1,55.8425366070019
"799","799",37.6469056860872,761.192564739882,"no",5.67997690617944,1,0,0,3,141.143820547569
"800","800",30.0929483069555,797.755077889332,"yes",32.2942076349908,10,2,36.9446847596779,0,0
"801","801",30.7821844669048,604.458196847815,"yes",5.0064927783984,15,9,160.170231027537,0,0
"802","802",40.3373399558176,730.129163072706,"yes",0.414622318550238,0,0,0,5,116.762075535742
"803","803",42.4971951557271,768.359735658853,"yes",18.2316630627089,35,13,295.607405017371,1,72.2480201968879
"804","804",35.5895927687923,720.014005120648,"yes",4.87331932645808,0,0,0,0,0
"805","805",36.4997740255512,770.219530241135,"no",4.54330900011693,18,2,34.7722244676951,1,13.5027238821293
"806","806",40.6206469226307,659.415359531049,"yes",22.7565794943934,3,2,35.6506822005455,1,21.785488523946
"807","807",41.4984176600621,730.486825351357,"yes",11.1451229040319,0,0,0,0,0
"808","808",38.1456432722736,641.633972008542,"no",6.702546087348,16,4,82.705956120705,0,0
"809","809",27.516219613585,725.651862270245,"no",4.39800224685359,0,0,0,2,39.9099326615051
"810","810",35.4291597199549,754.188627400326,"yes",2.41168305457027,170,53,1101.49702567793,4,168.003764425677
"811","811",29.8710499347976,767.426705325921,"yes",2.7346854183095,1,0,0,0,0
"812","812",35.929752735786,792.824233501019,"yes",11.2368768411332,24,9,172.780834633542,1,31.0195268380967
"813","813",38.6298187472002,761.939234886396,"yes",20.1212466338665,12,3,61.7900986980999,1,36.6086245482106
"814","814",40.0196165758695,708.009904622829,"yes",18.2500115952302,1,0,0,0,0
"815","815",31.7130889180842,674.93244017645,"yes",9.29675807935453,0,0,0,0,0
"816","816",35.8982059377191,723.721618269539,"yes",20.8053962477195,267,86,1711.6861058118,0,0
"817","817",33.4673082308661,701.153586649966,"yes",8.50793683551849,1,0,0,1,30.012489382886
"818","818",25.6758861363325,726.486121086603,"no",6.53939333555402,102,35,583.922900433857,0,0
"819","819",29.6520222255124,727.193810408045,"yes",7.28643215814912,16,4,75.3795356372834,0,0
"820","820",32.4500824527764,675.329867741782,"yes",14.1464261190397,3,0,0,2,69.0990588192358
"821","821",29.7557752162561,698.90165828973,"no",11.9214728769314,2,0,0,0,0
"822","822",38.7721446161288,824.181547386055,"no",5.2571456002234,21,5,98.68596899375,3,119.627019323827
"823","823",37.4356883999033,728.356528928609,"yes",3.48828641953325,1,1,17.1746720320099,4,306.193210545712
"824","824",41.692740502374,777.579121509373,"yes",1.75442152605914,3,2,38.5834682403064,1,43.1608054997057
"825","825",38.2720865827762,777.119758434969,"yes",15.909415723062,43,11,200.057637958142,1,30.21551344571
"826","826",31.9162390577093,643.881752024776,"yes",1.78031013567741,5,1,18.4183007179529,2,44.588867680378
"827","827",27.4313092900799,611.827362636664,"yes",2.31907837165627,7,4,75.0611527370808,1,25.5933179525072
"828","828",40.0083756524786,752.796499685744,"yes",1.8176233817651,43,14,252.529261883344,4,103.476805828338
"829","829",37.9535648735743,785.235525141271,"no",10.158500845876,0,0,0,1,31.1736886900815
"830","830",37.4352159185001,738.542072776305,"yes",6.2269259130673,0,0,0,3,101.410521165131
"831","831",31.8569616563971,698.888821689232,"yes",7.07804365379191,0,0,0,0,0
"832","832",35.0444441451722,754.258629908695,"yes",21.0223043122542,0,0,0,0,0
"833","833",41.9175063449509,798.214123093425,"yes",1.82767749006354,5,0,0,2,44.5480884818316
"834","834",34.9733387496095,790.209035241568,"no",6.93034252075984,5,2,46.2873230730352,2,35.1009805887903
"835","835",36.4328269820894,747.557863113422,"yes",13.1866402904198,19,2,47.1827556917994,0,0
"836","836",33.2064377365607,700.224512480133,"yes",12.5888589258855,31,9,196.234791899346,3,59.1773327493308
"837","837",37.7089230201707,694.20107273957,"yes",12.7982117220156,12,4,66.4329140802743,1,39.8000192174243
"838","838",34.1870650590534,643.082864317833,"no",3.11142388937501,36,18,366.966059237869,2,54.8838076470739
"839","839",35.6010190221536,734.843967537598,"no",14.8122565349338,54,19,378.994586472518,0,0
"840","840",38.808857420091,754.552782221565,"yes",11.8313614694253,41,14,246.76757736118,3,247.764171661524
"841","841",36.6197670744174,735.01390744242,"yes",3.63474572269462,116,25,498.437500754236,2,30.1140172339586
"842","842",33.2952068751476,718.113550204583,"yes",40.3620950263255,74,27,491.786108170535,0,0
"843","843",33.3925730060137,666.338891119071,"no",24.3031265526681,76,23,423.444742128583,1,36.5574090627053
"844","844",31.8406150870193,645.032645171312,"no",12.443947876074,5,2,41.729357767395,1,61.507380472033
"845","845",35.7688527030322,679.881845257328,"yes",3.73574406531681,1,1,21.6752712699333,0,0
"846","846",32.4426562299114,732.687653556453,"yes",31.4139200822382,205,59,1133.13731665474,1,49.7013967463785
"847","847",29.0709698922508,756.108823239815,"yes",12.8658826094123,7,0,0,1,53.0636233101297
"848","848",40.2995841550825,767.646173249677,"no",13.5486730021658,11,3,58.6637060899368,2,60.198327232748
"849","849",41.9583038002249,757.887830067546,"yes",13.6093862956697,6,2,38.0310822286893,1,33.1547546090148
"850","850",32.3295098157308,641.370347265596,"no",2.7017126784025,0,0,0,3,103.382639399047
"851","851",32.9029263950383,762.67311217458,"no",43.6981715442969,15,3,69.5461681798832,0,0
"852","852",32.9527026414571,727.365517695051,"yes",2.97353772237955,16,6,133.339194139917,3,73.0581454637446
"853","853",42.3519044655996,804.321780039458,"yes",7.40023555589548,0,0,0,2,47.9206667025251
"854","854",27.7324074906715,681.664012169092,"no",5.12502495996555,41,14,329.860453893065,2,90.43704559743
"855","855",33.092570257539,698.003749508194,"yes",7.31107410475503,4,1,19.0849072812902,1,33.0845069491825
"856","856",36.3956395339333,808.269495839371,"no",10.5230228800049,14,6,125.969879539024,0,0
"857","857",33.644445825813,650.823457592731,"yes",1.40412294289566,74,25,515.894426812155,1,33.1116120637862
"858","858",34.8245870476874,691.528414987834,"yes",15.0420012119261,1,1,15.9070371863808,0,0
"859","859",33.7624206727353,739.46158259239,"yes",4.7140318851685,159,41,632.46206690836,1,43.9620643852687
"860","860",41.6406926267774,772.009771885702,"yes",2.21647803351755,0,0,0,1,61.0526223545463
"861","861",31.067096739354,686.213935401754,"no",20.679485721369,0,0,0,0,0
"862","862",38.6808775875609,692.987018504082,"no",6.12561497756846,0,0,0,2,73.0568001236161
"863","863",37.1879549029769,831.932380611633,"yes",10.4956744618783,54,12,226.99016242295,4,97.8759547778053
"864","864",27.6459688956427,658.7091673433,"no",37.5980457684017,28,8,148.832977907033,0,0
"865","865",28.0233477330774,720.636565168889,"no",5.40674944999403,0,0,0,2,98.9471764134156
"866","866",31.7717077888342,649.816316844919,"yes",0.770657704692702,7,2,38.3243893329525,5,108.288122456527
"867","867",32.985475413486,693.054476955613,"yes",9.62696050842064,0,0,0,1,34.6496992533276
"868","868",32.1991769703115,773.534777531361,"no",16.3770798426791,11,3,65.6248391599637,1,27.7948661930214
"869","869",31.9369050172064,699.266374833972,"no",11.5120325506735,16,2,42.6434027040796,1,36.8743039496588
"870","870",34.9386297985308,759.445375003487,"yes",38.7140133448754,1,0,0,0,0
"871","871",17.3488783063175,522.777862746049,"yes",1.8855004548694,34,9,177.78504403252,3,123.480653462978
"872","872",27.0740483403211,566.447032440084,"yes",16.7579429712886,5,1,19.4783235063583,1,33.46711807414
"873","873",31.4099855253223,608.094181675854,"yes",1.43327720549199,23,4,95.4928028511423,1,37.2767887879479
"874","874",33.7387074872926,651.293369041227,"no",1.72686278507677,111,38,795.745632806937,3,116.986269023797
"875","875",34.0834191588713,724.144058511683,"yes",19.1265793265319,1,0,0,1,60.768830114574
"876","876",43.0912802166816,724.4594851698,"no",13.9535210350018,0,0,0,1,25.8676046852858
"877","877",37.1429237415707,835.870831422121,"yes",4.57363998866135,8,1,21.3185565914851,1,20.5046036205082
"878","878",30.5508571346213,790.66085780092,"yes",2.03349168979116,16,6,146.644543637264,0,0
"879","879",41.3436445301261,832.808531153138,"yes",4.07333797744741,0,0,0,3,80.4715606522523
"880","880",37.7437798291801,772.604946017568,"yes",8.44217622092055,45,10,246.314378725997,1,34.1016736410633
"881","881",40.6643662335931,796.624162009102,"yes",8.66821620573932,133,42,885.72944789713,0,0
"882","882",30.5278719720425,730.209415867636,"yes",3.42809453010445,0,0,0,2,53.4781450091202
"883","883",36.5462235302503,644.711838542744,"yes",2.36722102833338,34,8,144.998355131861,2,109.968966108696
"884","884",33.9200545493117,672.307036971514,"yes",15.2088483353103,0,0,0,2,87.6254101171127
"885","885",33.8518647994772,726.95935343913,"yes",7.58558608801651,196,69,1405.2382587486,1,44.1280566094795
"886","886",29.9664643920516,661.969349028304,"no",12.9544764799021,0,0,0,1,14.2595386247837
"887","887",35.7842975751935,711.767186351906,"yes",1.69401404377762,1,1,18.650230074843,6,164.393845581558
"888","888",31.2464367521304,655.741363289277,"no",4.19234983555338,1,1,17.57621450269,0,0
"889","889",37.7381726058921,720.308940049953,"yes",1.58291440562207,0,0,0,0,0
"890","890",26.4541264380077,668.327242934577,"yes",1.21081120568804,0,0,0,1,28.0883539641055
"891","891",37.3857145212005,730.965932506539,"yes",7.82759417441531,91,34,682.011165679623,1,36.1827519539963
"892","892",34.183506344694,731.615922964628,"yes",5.39236906084121,1,0,0,1,38.8623846955419
"893","893",33.778257084728,790.406967313769,"yes",0.125758751819992,12,4,85.9318969746913,7,297.350904374511
"894","894",30.5930593991296,724.482534131227,"yes",3.20332031099258,0,0,0,1,49.5753699115837
"895","895",35.6992207731218,699.795721365335,"yes",17.519163728814,125,30,498.348394448592,0,0
"896","896",26.4036506516741,691.429639672071,"yes",1.03313375979282,14,4,80.4842826045976,2,66.5554541524685
"897","897",36.5793332798175,659.493002723771,"yes",18.0516686411242,92,33,847.155428539604,0,0
"898","898",29.2529420637873,667.169035256743,"yes",20.6228987646682,17,8,154.705544050991,1,58.6463698864384
"899","899",38.0130450836279,702.66753227026,"yes",16.0937550550306,7,1,19.9988197548255,0,0
"900","900",40.0355663727906,743.272551000122,"yes",21.9831362058594,6,3,50.1108882076068,1,21.1639748150207
"901","901",40.3887055959307,801.411439915656,"yes",134.496440176657,23,9,190.25230758841,1,34.5119062633669
"902","902",33.6062397851657,788.492106064888,"yes",64.259200212761,34,10,186.608148435412,0,0
"903","903",26.5021147380698,690.844445326271,"yes",8.69942927465783,42,19,458.962447974221,1,17.7285042897315
"904","904",27.9601148975666,750.293336382096,"yes",1.90644574225214,40,4,80.9920159575574,0,0
"905","905",31.5015432954899,740.339940218358,"no",6.56618295250878,22,12,232.629314371252,0,0
"906","906",33.8276269510827,712.751141922875,"yes",4.14179186573018,11,2,43.219832594031,6,222.500728324225
"907","907",40.9958389690888,739.099257076244,"yes",3.13771258486845,0,0,0,0,0
"908","908",38.3135490150582,637.181230625854,"yes",25.785025266072,1,1,17.7749123236348,0,0
"909","909",40.6802676662896,740.95545688778,"yes",2.41022613169713,29,7,143.205819629128,4,105.656398831293
"910","910",36.9411232720374,651.875746278822,"yes",22.2649990335793,0,0,0,3,177.229687432964
"911","911",35.8685928353513,681.728921539066,"yes",6.83648512264627,4,0,0,1,23.7413164288536
"912","912",40.3332407411317,708.200940727839,"yes",67.1086849101598,0,0,0,0,0
"913","913",43.1312107217091,726.129766221175,"yes",6.61488909898902,95,34,714.204009968667,0,0
"914","914",37.3314748351948,677.200345335977,"yes",3.13239416428347,11,6,115.009543113304,0,0
"915","915",45.0513433732454,773.751929385873,"no",11.7844253819683,10,4,88.3899492851419,2,104.939665243765
"916","916",36.1056761612369,737.687751350939,"yes",7.6508027052288,0,0,0,1,38.0520345586172
"917","917",36.6115670757972,759.5661967169,"yes",1.84116671052172,0,0,0,5,216.759362668213
"918","918",38.5333114146291,690.214218460282,"no",64.2073632550891,32,8,156.904039647685,0,0
"919","919",28.1805053593168,695.973847958356,"yes",5.71825922237895,18,6,137.210060895411,2,62.2918675942252
"920","920",30.1205639683164,779.933167078324,"yes",31.5388729027603,17,4,77.9437126787742,0,0
"921","921",33.3225586951211,689.329691245547,"yes",6.61091630864194,128,37,728.73126738118,3,58.8183710874209
"922","922",31.8465569493108,712.696930218303,"yes",4.41166047298066,69,20,350.999791669796,0,0
"923","923",46.7329611025037,889.576554472952,"yes",107.522083014175,0,0,0,3,195.747271133744
"924","924",39.3761912660195,677.752460340709,"no",23.1823854362333,12,4,88.7313425390331,2,67.1685145279285
"925","925",34.185771170767,645.932195885681,"yes",3.95265226884093,73,21,459.297423227796,0,0
"926","926",32.4209891444921,762.253450891559,"yes",26.9753947680107,30,12,215.756073126235,1,68.4449871970201
"927","927",33.7973057983446,744.901884521583,"yes",13.4009397693916,0,0,0,0,0
"928","928",26.9548095307186,712.436143258191,"yes",5.70949173205445,3,3,63.383890040021,2,82.4423368992693
"929","929",37.6390013796691,773.827641300867,"yes",2.09148297914677,99,39,700.33060906641,1,29.3059727080057
"930","930",31.64074173411,776.105239057374,"yes",62.7478136032962,62,23,485.633041976857,0,0
"931","931",36.1985901377271,866.764000536489,"yes",0.576689632353784,0,0,0,10,282.647201591519
"932","932",44.4432838398052,739.359278786706,"yes",6.12199563752738,1,1,23.1866308734752,0,0
"933","933",38.5835616361439,774.139090014932,"yes",16.2947317427125,8,3,58.7542331310129,2,95.8204620125282
"934","934",31.3843130140456,761.589007652269,"no",0.455634421933688,9,3,65.1478388684692,12,615.363147043235
"935","935",32.2590744077967,656.367539973717,"yes",13.3712306413271,2,0,0,0,0
"936","936",25.0595808285973,614.41647743857,"yes",1.16329287404834,19,9,189.299915669861,3,79.3094446812401
"937","937",32.4898748625637,737.065311218258,"yes",2.39975614124878,0,0,0,1,51.3094709681829
"938","938",39.8517058659687,765.170924792037,"yes",4.10197876819319,27,7,155.26938604245,2,56.7825054380434
"939","939",26.7196530708356,754.178176006644,"yes",7.00546620018945,32,10,190.517351446279,5,628.433714176895
"940","940",39.2674708320575,802.25814840631,"no",16.8614195338454,0,0,0,0,0
"941","941",32.7460854414329,684.26708683505,"yes",10.4928590863838,0,0,0,2,60.9434874963495
"942","942",33.970051910523,696.855343172379,"yes",17.6939477996816,63,22,463.588980846178,1,45.7079570345755
"943","943",34.9477773510085,739.614627628961,"yes",3.12814265007202,4,3,60.960519425365,2,102.406536617666
"944","944",36.1138597705133,739.472943741359,"no",7.24450052998302,5,3,56.8470880093422,2,169.426282915049
"945","945",34.059618710386,682.877824531754,"yes",0.478390401329425,9,1,20.6396056361353,9,255.730161426281
"946","946",37.7767262695346,731.227965901476,"yes",10.2349343964901,123,36,783.326873839384,1,59.9909433313073
"947","947",34.1866516337165,637.125019408597,"yes",31.4317352799936,0,0,0,0,0
"948","948",46.4886515565852,754.726324246063,"yes",17.7678343152719,20,8,165.094090905738,3,107.484991474241
"949","949",37.725706002691,686.875213030063,"yes",1.1156654315732,20,2,42.1678083687359,4,155.931428835688
"950","950",34.5616886347688,692.929027656391,"yes",44.2867118995051,60,19,319.170365920727,0,0
"951","951",35.1356399518319,739.110975235289,"yes",6.10927313987152,9,4,87.2026698161565,0,0
"952","952",39.8801072865166,727.123250230252,"no",27.9659316231942,2,1,19.296819735173,1,28.8703623544237
"953","953",29.0069958025815,790.003372324286,"yes",2.27319235252709,0,0,0,2,69.4057293586075
"954","954",32.6797198172392,762.249201130315,"yes",6.44680628038969,0,0,0,1,21.4436972522939
"955","955",38.1954785329516,751.564831472042,"yes",9.35572894251323,427,121,2860.80252781094,5,527.2306692219
"956","956",25.3240970051106,608.088685864853,"yes",4.07011355313185,48,15,330.19826363572,3,132.990207064424
"957","957",39.6657726889092,856.344431501568,"yes",14.9246921890993,0,0,0,0,0
"958","958",29.6214560469696,763.683993817146,"yes",16.2348576482431,13,5,102.858670691399,3,70.7242924163573
"959","959",40.3270328054247,681.411876414069,"yes",2.61333386242118,202,75,1667.85052089638,1,25.3337989363452
"960","960",34.9796748920666,734.140768836598,"yes",54.6800406433581,81,23,514.798914780621,1,36.5527084687038
"961","961",31.6718517503615,730.816852716278,"yes",4.78594748816878,31,12,231.295827237496,1,16.2298626613684
"962","962",40.0467758091705,745.142813781817,"yes",7.87593079591519,10,5,94.7418952246686,1,30.3011837834392
"963","963",35.9213851274907,676.423270614732,"yes",53.262832491869,0,0,0,0,0
"964","964",38.8924750655289,751.518543147998,"yes",31.4909682596528,0,0,0,0,0
"965","965",41.9609538108674,735.113268478331,"yes",2.18211380800978,11,4,81.8246782385261,0,0
"966","966",35.8790535995874,766.06657119344,"yes",5.95009070920582,93,34,754.837048405874,2,55.1561944063568
"967","967",36.0493065406679,848.004510218754,"yes",10.3896200068295,26,5,104.255429841771,2,52.1926038843294
"968","968",25.4377384469881,665.900338834314,"yes",8.43760201479227,7,4,76.4144109442097,2,131.312914407312
"969","969",44.2967891562645,801.788389235783,"no",50.3049630295165,1,0,0,0,0
"970","970",32.0081233489594,780.116553211316,"yes",11.9100590895248,4,2,33.6983518097209,1,17.7723052635578
"971","971",44.2628113913349,784.535812929986,"yes",5.18199162962241,2,0,0,1,36.7457078107198
"972","972",39.6311187915612,849.963677613242,"yes",10.2575116527907,0,0,0,0,0
"973","973",40.7851792507731,690.089553949056,"yes",0.688247329802325,2,0,0,9,203.915336814039
"974","974",36.914309773774,835.228472246137,"yes",1.96692118298004,0,0,0,5,121.180635064688
"975","975",27.4732996788664,702.817484788096,"yes",43.2225274512527,22,5,112.190460404047,0,0
"976","976",36.5234686626688,637.261303699744,"no",12.1158555057786,0,0,0,0,0
"977","977",37.5892990385934,677.046141422479,"yes",4.51801846990408,0,0,0,1,28.5182155340737
"978","978",36.0386160241429,721.184658018338,"yes",8.61133925863429,0,0,0,1,46.4969707441642
"979","979",36.1120263858609,642.299503408008,"yes",26.834963536184,1,0,0,2,65.8855001315665
"980","980",32.4451670315774,669.374823676443,"yes",3.41195866133542,54,16,349.455146042705,2,26.3778850566161
"981","981",39.8389321373383,657.04266086043,"yes",12.6356773762622,7,2,43.1029445662721,1,43.4544690965503
"982","982",29.3300580821604,732.325173731375,"yes",5.71518426697166,214,49,835.637465814221,2,58.3188990408174
"983","983",32.5220399443643,677.461233628581,"yes",0.956733818548453,8,1,20.4273773921811,1,30.9628278782158
"984","984",30.1712849259168,672.229882289169,"no",37.1720080506447,1,0,0,2,56.4697797842848
"985","985",31.9068978047027,778.099917072022,"no",3.26897698573442,17,5,79.2766510964792,1,46.2916144268864
"986","986",39.6969912795066,725.207120560564,"yes",3.35109248558318,0,0,0,4,90.5307795738042
"987","987",32.8175814536799,690.723346514574,"no",1.0912562066603,0,0,0,2,64.4285692089328
"988","988",30.1712489898734,604.908038157951,"yes",7.29995716210923,0,0,0,0,0
"989","989",28.3717243792084,685.187862534597,"yes",18.3420599674816,14,3,51.6805646315615,0,0
"990","990",33.8493716788522,687.49984235344,"no",23.4533776794626,0,0,0,0,0
"991","991",46.8753936944409,772.057102520847,"yes",2.01046739514355,13,3,53.1956428057123,2,34.500395209935
"992","992",33.9856239421022,784.675314117153,"yes",19.1101659402057,16,6,103.53325312481,1,48.5490852384719
"993","993",32.7602038684021,694.6791273102,"yes",19.382242440889,0,0,0,0,0
"994","994",30.6439292405055,728.663030265401,"no",2.8261919062662,7,0,0,0,0
"995","995",32.6853443307553,657.191712452379,"yes",2.13008065603237,2,0,0,1,23.244673001352
"996","996",37.18121875502,649.93431126647,"yes",11.218346553246,0,0,0,1,27.3527748807232
"997","997",32.260370018327,661.570328526815,"yes",4.09652499342158,15,4,90.9002939166428,0,0
"998","998",32.2853381907674,752.668766058246,"yes",8.32095671455654,14,3,52.152056848113,1,24.4967888480206
"999","999",34.2301362244633,841.056438874138,"yes",25.7686969465378,11,1,20.4862812724684,0,0
"1000","1000",38.6397179992452,728.254997410292,"no",4.72068328350002,0,0,0,1,21.6262544705737
